Lunes,08:00,09:00,D2816,True
Domingo,18:00,19:00,D2816,True
Sabado,13:00,14:00,D2816,True
Domingo,08:00,09:00,D2816,True
Martes,12:00,13:00,D2816,True
Jueves,20:00,21:00,D2816,True
Martes,17:00,18:00,D2816,True
Jueves,14:00,15:00,D2816,True
Domingo,19:00,20:00,D2816,True
Viernes,12:00,13:00,D2816,True
Martes,09:00,10:00,D2816,True
Miércoles,11:00,12:00,D2816,True
Jueves,10:00,11:00,D2816,True
Viernes,11:00,12:00,D2816,True
Jueves,13:00,14:00,D2816,True
Domingo,10:00,11:00,D2816,True
Lunes,18:00,19:00,D2816,True
Lunes,20:00,21:00,D2816,True
Martes,15:00,16:00,D2816,True
Lunes,10:00,11:00,D2816,True
Miércoles,12:00,13:00,D9542,True
Lunes,11:00,12:00,D9542,True
Martes,17:00,18:00,D9542,True
Sabado,12:00,13:00,D9542,True
Viernes,14:00,15:00,D9542,True
Sabado,20:00,21:00,D9542,True
Domingo,19:00,20:00,D9542,True
Lunes,16:00,17:00,D9542,True
Jueves,15:00,16:00,D9542,True
Viernes,08:00,09:00,D9542,True
Miércoles,09:00,10:00,D9542,True
Martes,14:00,15:00,D9542,True
Viernes,11:00,12:00,D9542,True
Martes,16:00,17:00,D9542,True
Domingo,12:00,13:00,D9542,True
Jueves,18:00,19:00,D9542,True
Sabado,15:00,16:00,D9542,True
Martes,13:00,14:00,D9542,True
Miércoles,08:00,09:00,D9542,True
Sabado,11:00,12:00,D9542,True
Viernes,14:00,15:00,D4437,True
Lunes,12:00,13:00,D4437,True
Lunes,15:00,16:00,D4437,True
Viernes,12:00,13:00,D4437,True
Jueves,12:00,13:00,D4437,True
Martes,10:00,11:00,D4437,True
Martes,15:00,16:00,D4437,True
Miércoles,20:00,21:00,D4437,True
Martes,17:00,18:00,D4437,True
Domingo,18:00,19:00,D4437,True
Sabado,17:00,18:00,D4437,True
Miércoles,15:00,16:00,D4437,True
Sabado,16:00,17:00,D4437,True
Viernes,15:00,16:00,D4437,True
Jueves,10:00,11:00,D4437,True
Lunes,14:00,15:00,D4437,True
Jueves,18:00,19:00,D4437,True
Jueves,19:00,20:00,D4437,True
Sabado,15:00,16:00,D4437,True
Domingo,16:00,17:00,D4437,True
Domingo,17:00,18:00,D3774,True
Jueves,18:00,19:00,D3774,True
Miércoles,12:00,13:00,D3774,True
Sabado,18:00,19:00,D3774,True
Sabado,08:00,09:00,D3774,True
Martes,09:00,10:00,D3774,True
Martes,11:00,12:00,D3774,True
Martes,14:00,15:00,D3774,True
Miércoles,09:00,10:00,D3774,True
Martes,15:00,16:00,D3774,True
Miércoles,14:00,15:00,D3774,True
Domingo,14:00,15:00,D3774,True
Martes,16:00,17:00,D3774,True
Sabado,10:00,11:00,D3774,True
Lunes,09:00,10:00,D3774,True
Viernes,17:00,18:00,D3774,True
Domingo,12:00,13:00,D3774,True
Domingo,13:00,14:00,D3774,True
Jueves,15:00,16:00,D3774,True
Sabado,11:00,12:00,D3774,True
Jueves,20:00,21:00,D8293,True
Jueves,18:00,19:00,D8293,True
Sabado,15:00,16:00,D8293,True
Domingo,19:00,20:00,D8293,True
Jueves,15:00,16:00,D8293,True
Domingo,11:00,12:00,D8293,True
Jueves,12:00,13:00,D8293,True
Lunes,17:00,18:00,D8293,True
Miércoles,17:00,18:00,D8293,True
Lunes,12:00,13:00,D8293,True
Jueves,16:00,17:00,D8293,True
Sabado,11:00,12:00,D8293,True
Viernes,08:00,09:00,D8293,True
Viernes,20:00,21:00,D8293,True
Viernes,19:00,20:00,D8293,True
Sabado,16:00,17:00,D8293,True
Viernes,09:00,10:00,D8293,True
Domingo,10:00,11:00,D8293,True
Sabado,20:00,21:00,D8293,True
Domingo,12:00,13:00,D8293,True
Sabado,10:00,11:00,D1552,True
Domingo,14:00,15:00,D1552,True
Viernes,12:00,13:00,D1552,True
Miércoles,12:00,13:00,D1552,True
Martes,19:00,20:00,D1552,True
Sabado,13:00,14:00,D1552,True
Miércoles,11:00,12:00,D1552,True
Jueves,08:00,09:00,D1552,True
Jueves,19:00,20:00,D1552,True
Viernes,17:00,18:00,D1552,True
Miércoles,17:00,18:00,D1552,True
Viernes,08:00,09:00,D1552,True
Domingo,17:00,18:00,D1552,True
Sabado,15:00,16:00,D1552,True
Jueves,14:00,15:00,D1552,True
Jueves,13:00,14:00,D1552,True
Martes,13:00,14:00,D1552,True
Martes,20:00,21:00,D1552,True
Miércoles,19:00,20:00,D1552,True
Miércoles,18:00,19:00,D1552,True
Sabado,15:00,16:00,D8242,True
Viernes,20:00,21:00,D8242,True
Miércoles,16:00,17:00,D8242,True
Sabado,16:00,17:00,D8242,True
Jueves,12:00,13:00,D8242,True
Sabado,18:00,19:00,D8242,True
Jueves,14:00,15:00,D8242,True
Domingo,15:00,16:00,D8242,True
Jueves,13:00,14:00,D8242,True
Martes,19:00,20:00,D8242,True
Martes,16:00,17:00,D8242,True
Lunes,11:00,12:00,D8242,True
Lunes,19:00,20:00,D8242,True
Jueves,18:00,19:00,D8242,True
Martes,14:00,15:00,D8242,True
Lunes,15:00,16:00,D8242,True
Sabado,14:00,15:00,D8242,True
Jueves,16:00,17:00,D8242,True
Viernes,12:00,13:00,D8242,True
Lunes,17:00,18:00,D8242,True
Martes,14:00,15:00,D9921,True
Sabado,19:00,20:00,D9921,True
Viernes,11:00,12:00,D9921,True
Lunes,12:00,13:00,D9921,True
Domingo,16:00,17:00,D9921,True
Jueves,12:00,13:00,D9921,True
Martes,20:00,21:00,D9921,True
Martes,15:00,16:00,D9921,True
Viernes,17:00,18:00,D9921,True
Sabado,18:00,19:00,D9921,True
Sabado,11:00,12:00,D9921,True
Sabado,09:00,10:00,D9921,True
Domingo,14:00,15:00,D9921,True
Sabado,10:00,11:00,D9921,True
Jueves,14:00,15:00,D9921,True
Lunes,20:00,21:00,D9921,True
Lunes,10:00,11:00,D9921,True
Viernes,09:00,10:00,D9921,True
Miércoles,10:00,11:00,D9921,True
Miércoles,13:00,14:00,D9921,True
Jueves,13:00,14:00,D1454,True
Domingo,13:00,14:00,D1454,True
Domingo,17:00,18:00,D1454,True
Domingo,14:00,15:00,D1454,True
Sabado,12:00,13:00,D1454,True
Domingo,19:00,20:00,D1454,True
Domingo,11:00,12:00,D1454,True
Sabado,13:00,14:00,D1454,True
Viernes,10:00,11:00,D1454,True
Lunes,13:00,14:00,D1454,True
Lunes,16:00,17:00,D1454,True
Viernes,17:00,18:00,D1454,True
Martes,10:00,11:00,D1454,True
Viernes,14:00,15:00,D1454,True
Viernes,08:00,09:00,D1454,True
Sabado,19:00,20:00,D1454,True
Lunes,15:00,16:00,D1454,True
Lunes,20:00,21:00,D1454,True
Sabado,14:00,15:00,D1454,True
Jueves,15:00,16:00,D1454,True
Sabado,09:00,10:00,D7592,True
Martes,09:00,10:00,D7592,True
Martes,13:00,14:00,D7592,True
Sabado,11:00,12:00,D7592,True
Sabado,18:00,19:00,D7592,True
Miércoles,11:00,12:00,D7592,True
Jueves,11:00,12:00,D7592,True
Jueves,20:00,21:00,D7592,True
Viernes,15:00,16:00,D7592,True
Lunes,09:00,10:00,D7592,True
Miércoles,09:00,10:00,D7592,True
Martes,10:00,11:00,D7592,True
Martes,20:00,21:00,D7592,True
Miércoles,19:00,20:00,D7592,True
Viernes,18:00,19:00,D7592,True
Domingo,19:00,20:00,D7592,True
Martes,14:00,15:00,D7592,True
Viernes,09:00,10:00,D7592,True
Lunes,11:00,12:00,D7592,True
Viernes,19:00,20:00,D7592,True
Miércoles,16:00,17:00,D1709,True
Miércoles,17:00,18:00,D1709,True
Sabado,20:00,21:00,D1709,True
Domingo,14:00,15:00,D1709,True
Lunes,19:00,20:00,D1709,True
Domingo,12:00,13:00,D1709,True
Domingo,08:00,09:00,D1709,True
Jueves,16:00,17:00,D1709,True
Sabado,14:00,15:00,D1709,True
Miércoles,14:00,15:00,D1709,True
Viernes,14:00,15:00,D1709,True
Miércoles,09:00,10:00,D1709,True
Lunes,15:00,16:00,D1709,True
Lunes,12:00,13:00,D1709,True
Jueves,12:00,13:00,D1709,True
Viernes,11:00,12:00,D1709,True
Jueves,08:00,09:00,D1709,True
Martes,12:00,13:00,D1709,True
Martes,11:00,12:00,D1709,True
Miércoles,10:00,11:00,D1709,True
Sabado,19:00,20:00,D3178,True
Miércoles,13:00,14:00,D3178,True
Miércoles,09:00,10:00,D3178,True
Jueves,11:00,12:00,D3178,True
Martes,16:00,17:00,D3178,True
Domingo,14:00,15:00,D3178,True
Domingo,10:00,11:00,D3178,True
Miércoles,17:00,18:00,D3178,True
Lunes,18:00,19:00,D3178,True
Jueves,20:00,21:00,D3178,True
Sabado,17:00,18:00,D3178,True
Jueves,12:00,13:00,D3178,True
Martes,17:00,18:00,D3178,True
Domingo,18:00,19:00,D3178,True
Lunes,13:00,14:00,D3178,True
Martes,18:00,19:00,D3178,True
Miércoles,12:00,13:00,D3178,True
Martes,20:00,21:00,D3178,True
Sabado,12:00,13:00,D3178,True
Viernes,13:00,14:00,D3178,True
Miércoles,11:00,12:00,D8421,True
Domingo,16:00,17:00,D8421,True
Viernes,17:00,18:00,D8421,True
Sabado,09:00,10:00,D8421,True
Martes,20:00,21:00,D8421,True
Viernes,16:00,17:00,D8421,True
Sabado,15:00,16:00,D8421,True
Martes,13:00,14:00,D8421,True
Miércoles,18:00,19:00,D8421,True
Sabado,20:00,21:00,D8421,True
Sabado,18:00,19:00,D8421,True
Miércoles,13:00,14:00,D8421,True
Miércoles,09:00,10:00,D8421,True
Lunes,13:00,14:00,D8421,True
Jueves,13:00,14:00,D8421,True
Miércoles,16:00,17:00,D8421,True
Martes,15:00,16:00,D8421,True
Martes,12:00,13:00,D8421,True
Viernes,09:00,10:00,D8421,True
Sabado,14:00,15:00,D8421,True
Martes,09:00,10:00,D8345,True
Jueves,18:00,19:00,D8345,True
Sabado,11:00,12:00,D8345,True
Viernes,15:00,16:00,D8345,True
Jueves,10:00,11:00,D8345,True
Sabado,20:00,21:00,D8345,True
Martes,10:00,11:00,D8345,True
Lunes,08:00,09:00,D8345,True
Miércoles,11:00,12:00,D8345,True
Sabado,09:00,10:00,D8345,True
Sabado,15:00,16:00,D8345,True
Viernes,14:00,15:00,D8345,True
Sabado,17:00,18:00,D8345,True
Domingo,14:00,15:00,D8345,True
Viernes,18:00,19:00,D8345,True
Martes,19:00,20:00,D8345,True
Viernes,13:00,14:00,D8345,True
Miércoles,09:00,10:00,D8345,True
Domingo,16:00,17:00,D8345,True
Lunes,12:00,13:00,D8345,True
Viernes,19:00,20:00,D4590,True
Viernes,17:00,18:00,D4590,True
Jueves,18:00,19:00,D4590,True
Jueves,09:00,10:00,D4590,True
Domingo,16:00,17:00,D4590,True
Domingo,17:00,18:00,D4590,True
Viernes,13:00,14:00,D4590,True
Martes,19:00,20:00,D4590,True
Miércoles,18:00,19:00,D4590,True
Lunes,19:00,20:00,D4590,True
Viernes,15:00,16:00,D4590,True
Lunes,16:00,17:00,D4590,True
Sabado,16:00,17:00,D4590,True
Miércoles,20:00,21:00,D4590,True
Viernes,10:00,11:00,D4590,True
Sabado,17:00,18:00,D4590,True
Viernes,18:00,19:00,D4590,True
Martes,17:00,18:00,D4590,True
Martes,16:00,17:00,D4590,True
Viernes,11:00,12:00,D4590,True
Viernes,11:00,12:00,D7005,True
Domingo,17:00,18:00,D7005,True
Sabado,15:00,16:00,D7005,True
Martes,17:00,18:00,D7005,True
Miércoles,16:00,17:00,D7005,True
Sabado,11:00,12:00,D7005,True
Sabado,10:00,11:00,D7005,True
Lunes,09:00,10:00,D7005,True
Domingo,15:00,16:00,D7005,True
Jueves,09:00,10:00,D7005,True
Lunes,14:00,15:00,D7005,True
Miércoles,15:00,16:00,D7005,True
Jueves,16:00,17:00,D7005,True
Domingo,10:00,11:00,D7005,True
Martes,16:00,17:00,D7005,True
Jueves,20:00,21:00,D7005,True
Domingo,09:00,10:00,D7005,True
Viernes,12:00,13:00,D7005,True
Martes,08:00,09:00,D7005,True
Lunes,10:00,11:00,D7005,True
Martes,10:00,11:00,D1726,True
Lunes,15:00,16:00,D1726,True
Domingo,20:00,21:00,D1726,True
Domingo,10:00,11:00,D1726,True
Domingo,18:00,19:00,D1726,True
Domingo,14:00,15:00,D1726,True
Jueves,11:00,12:00,D1726,True
Domingo,17:00,18:00,D1726,True
Viernes,19:00,20:00,D1726,True
Jueves,12:00,13:00,D1726,True
Viernes,11:00,12:00,D1726,True
Sabado,09:00,10:00,D1726,True
Lunes,09:00,10:00,D1726,True
Miércoles,20:00,21:00,D1726,True
Domingo,09:00,10:00,D1726,True
Sabado,15:00,16:00,D1726,True
Miércoles,19:00,20:00,D1726,True
Viernes,14:00,15:00,D1726,True
Sabado,19:00,20:00,D1726,True
Miércoles,11:00,12:00,D1726,True
Jueves,10:00,11:00,D1164,True
Martes,19:00,20:00,D1164,True
Sabado,14:00,15:00,D1164,True
Viernes,13:00,14:00,D1164,True
Domingo,08:00,09:00,D1164,True
Jueves,18:00,19:00,D1164,True
Jueves,20:00,21:00,D1164,True
Lunes,13:00,14:00,D1164,True
Lunes,10:00,11:00,D1164,True
Jueves,13:00,14:00,D1164,True
Domingo,13:00,14:00,D1164,True
Domingo,14:00,15:00,D1164,True
Lunes,16:00,17:00,D1164,True
Jueves,11:00,12:00,D1164,True
Lunes,14:00,15:00,D1164,True
Lunes,18:00,19:00,D1164,True
Viernes,16:00,17:00,D1164,True
Domingo,16:00,17:00,D1164,True
Sabado,17:00,18:00,D1164,True
Sabado,19:00,20:00,D1164,True
Sabado,11:00,12:00,D9955,True
Lunes,11:00,12:00,D9955,True
Viernes,09:00,10:00,D9955,True
Lunes,19:00,20:00,D9955,True
Domingo,12:00,13:00,D9955,True
Sabado,13:00,14:00,D9955,True
Viernes,13:00,14:00,D9955,True
Jueves,14:00,15:00,D9955,True
Lunes,08:00,09:00,D9955,True
Domingo,10:00,11:00,D9955,True
Jueves,13:00,14:00,D9955,True
Miércoles,20:00,21:00,D9955,True
Martes,16:00,17:00,D9955,True
Sabado,19:00,20:00,D9955,True
Sabado,20:00,21:00,D9955,True
Jueves,16:00,17:00,D9955,True
Martes,19:00,20:00,D9955,True
Viernes,12:00,13:00,D9955,True
Lunes,16:00,17:00,D9955,True
Sabado,18:00,19:00,D9955,True
Martes,15:00,16:00,D1842,True
Domingo,14:00,15:00,D1842,True
Viernes,20:00,21:00,D1842,True
Lunes,08:00,09:00,D1842,True
Martes,20:00,21:00,D1842,True
Jueves,08:00,09:00,D1842,True
Domingo,09:00,10:00,D1842,True
Lunes,16:00,17:00,D1842,True
Domingo,16:00,17:00,D1842,True
Lunes,09:00,10:00,D1842,True
Martes,13:00,14:00,D1842,True
Viernes,15:00,16:00,D1842,True
Lunes,15:00,16:00,D1842,True
Viernes,09:00,10:00,D1842,True
Jueves,18:00,19:00,D1842,True
Lunes,14:00,15:00,D1842,True
Jueves,16:00,17:00,D1842,True
Martes,19:00,20:00,D1842,True
Lunes,17:00,18:00,D1842,True
Jueves,17:00,18:00,D1842,True
Miércoles,16:00,17:00,D6410,True
Domingo,13:00,14:00,D6410,True
Lunes,17:00,18:00,D6410,True
Jueves,14:00,15:00,D6410,True
Domingo,18:00,19:00,D6410,True
Martes,19:00,20:00,D6410,True
Viernes,11:00,12:00,D6410,True
Domingo,09:00,10:00,D6410,True
Viernes,14:00,15:00,D6410,True
Martes,10:00,11:00,D6410,True
Viernes,09:00,10:00,D6410,True
Martes,20:00,21:00,D6410,True
Lunes,13:00,14:00,D6410,True
Jueves,09:00,10:00,D6410,True
Miércoles,15:00,16:00,D6410,True
Sabado,09:00,10:00,D6410,True
Miércoles,19:00,20:00,D6410,True
Jueves,16:00,17:00,D6410,True
Domingo,10:00,11:00,D6410,True
Viernes,18:00,19:00,D6410,True
Domingo,16:00,17:00,D7966,True
Sabado,20:00,21:00,D7966,True
Viernes,11:00,12:00,D7966,True
Sabado,13:00,14:00,D7966,True
Jueves,13:00,14:00,D7966,True
Miércoles,11:00,12:00,D7966,True
Domingo,13:00,14:00,D7966,True
Sabado,18:00,19:00,D7966,True
Miércoles,19:00,20:00,D7966,True
Martes,08:00,09:00,D7966,True
Domingo,15:00,16:00,D7966,True
Jueves,20:00,21:00,D7966,True
Viernes,20:00,21:00,D7966,True
Lunes,19:00,20:00,D7966,True
Domingo,18:00,19:00,D7966,True
Jueves,09:00,10:00,D7966,True
Lunes,13:00,14:00,D7966,True
Miércoles,13:00,14:00,D7966,True
Lunes,16:00,17:00,D7966,True
Martes,15:00,16:00,D7966,True
Lunes,20:00,21:00,D2668,True
Jueves,15:00,16:00,D2668,True
Sabado,14:00,15:00,D2668,True
Lunes,16:00,17:00,D2668,True
Domingo,17:00,18:00,D2668,True
Sabado,13:00,14:00,D2668,True
Miércoles,10:00,11:00,D2668,True
Jueves,18:00,19:00,D2668,True
Jueves,19:00,20:00,D2668,True
Jueves,13:00,14:00,D2668,True
Martes,12:00,13:00,D2668,True
Jueves,08:00,09:00,D2668,True
Martes,10:00,11:00,D2668,True
Viernes,15:00,16:00,D2668,True
Lunes,15:00,16:00,D2668,True
Martes,09:00,10:00,D2668,True
Domingo,08:00,09:00,D2668,True
Sabado,19:00,20:00,D2668,True
Jueves,10:00,11:00,D2668,True
Viernes,20:00,21:00,D2668,True
Lunes,10:00,11:00,D3232,True
Lunes,16:00,17:00,D3232,True
Miércoles,16:00,17:00,D3232,True
Viernes,13:00,14:00,D3232,True
Jueves,18:00,19:00,D3232,True
Domingo,13:00,14:00,D3232,True
Viernes,15:00,16:00,D3232,True
Viernes,17:00,18:00,D3232,True
Miércoles,15:00,16:00,D3232,True
Miércoles,09:00,10:00,D3232,True
Sabado,09:00,10:00,D3232,True
Sabado,20:00,21:00,D3232,True
Martes,12:00,13:00,D3232,True
Domingo,17:00,18:00,D3232,True
Domingo,18:00,19:00,D3232,True
Sabado,13:00,14:00,D3232,True
Domingo,20:00,21:00,D3232,True
Viernes,18:00,19:00,D3232,True
Viernes,08:00,09:00,D3232,True
Jueves,08:00,09:00,D3232,True
Sabado,09:00,10:00,D7597,True
Viernes,11:00,12:00,D7597,True
Domingo,18:00,19:00,D7597,True
Jueves,08:00,09:00,D7597,True
Jueves,14:00,15:00,D7597,True
Viernes,09:00,10:00,D7597,True
Sabado,14:00,15:00,D7597,True
Lunes,14:00,15:00,D7597,True
Jueves,16:00,17:00,D7597,True
Domingo,15:00,16:00,D7597,True
Martes,12:00,13:00,D7597,True
Miércoles,19:00,20:00,D7597,True
Sabado,12:00,13:00,D7597,True
Sabado,17:00,18:00,D7597,True
Domingo,10:00,11:00,D7597,True
Lunes,12:00,13:00,D7597,True
Domingo,09:00,10:00,D7597,True
Lunes,17:00,18:00,D7597,True
Martes,09:00,10:00,D7597,True
Domingo,16:00,17:00,D7597,True
Sabado,08:00,09:00,D7135,True
Viernes,17:00,18:00,D7135,True
Jueves,17:00,18:00,D7135,True
Martes,14:00,15:00,D7135,True
Lunes,17:00,18:00,D7135,True
Miércoles,15:00,16:00,D7135,True
Domingo,13:00,14:00,D7135,True
Lunes,20:00,21:00,D7135,True
Martes,19:00,20:00,D7135,True
Miércoles,18:00,19:00,D7135,True
Lunes,13:00,14:00,D7135,True
Sabado,18:00,19:00,D7135,True
Martes,18:00,19:00,D7135,True
Jueves,18:00,19:00,D7135,True
Lunes,18:00,19:00,D7135,True
Miércoles,08:00,09:00,D7135,True
Miércoles,09:00,10:00,D7135,True
Lunes,14:00,15:00,D7135,True
Viernes,10:00,11:00,D7135,True
Miércoles,19:00,20:00,D7135,True
Sabado,20:00,21:00,D5352,True
Domingo,20:00,21:00,D5352,True
Sabado,15:00,16:00,D5352,True
Jueves,12:00,13:00,D5352,True
Viernes,08:00,09:00,D5352,True
Lunes,15:00,16:00,D5352,True
Viernes,16:00,17:00,D5352,True
Domingo,18:00,19:00,D5352,True
Sabado,12:00,13:00,D5352,True
Lunes,16:00,17:00,D5352,True
Miércoles,10:00,11:00,D5352,True
Lunes,20:00,21:00,D5352,True
Viernes,14:00,15:00,D5352,True
Domingo,17:00,18:00,D5352,True
Martes,17:00,18:00,D5352,True
Domingo,14:00,15:00,D5352,True
Jueves,10:00,11:00,D5352,True
Miércoles,20:00,21:00,D5352,True
Miércoles,15:00,16:00,D5352,True
Jueves,19:00,20:00,D5352,True
Lunes,16:00,17:00,D1990,True
Domingo,11:00,12:00,D1990,True
Viernes,13:00,14:00,D1990,True
Sabado,09:00,10:00,D1990,True
Sabado,19:00,20:00,D1990,True
Miércoles,15:00,16:00,D1990,True
Miércoles,17:00,18:00,D1990,True
Viernes,12:00,13:00,D1990,True
Domingo,09:00,10:00,D1990,True
Domingo,14:00,15:00,D1990,True
Miércoles,14:00,15:00,D1990,True
Miércoles,11:00,12:00,D1990,True
Viernes,17:00,18:00,D1990,True
Miércoles,09:00,10:00,D1990,True
Viernes,15:00,16:00,D1990,True
Lunes,18:00,19:00,D1990,True
Sabado,18:00,19:00,D1990,True
Miércoles,19:00,20:00,D1990,True
Sabado,12:00,13:00,D1990,True
Jueves,08:00,09:00,D1990,True
Martes,10:00,11:00,D2675,True
Viernes,15:00,16:00,D2675,True
Jueves,09:00,10:00,D2675,True
Miércoles,20:00,21:00,D2675,True
Sabado,15:00,16:00,D2675,True
Jueves,18:00,19:00,D2675,True
Martes,15:00,16:00,D2675,True
Lunes,18:00,19:00,D2675,True
Miércoles,17:00,18:00,D2675,True
Jueves,12:00,13:00,D2675,True
Viernes,19:00,20:00,D2675,True
Martes,08:00,09:00,D2675,True
Martes,18:00,19:00,D2675,True
Martes,16:00,17:00,D2675,True
Lunes,13:00,14:00,D2675,True
Lunes,10:00,11:00,D2675,True
Sabado,16:00,17:00,D2675,True
Lunes,16:00,17:00,D2675,True
Lunes,11:00,12:00,D2675,True
Sabado,18:00,19:00,D2675,True
Martes,15:00,16:00,D3665,True
Jueves,13:00,14:00,D3665,True
Miércoles,10:00,11:00,D3665,True
Domingo,19:00,20:00,D3665,True
Sabado,10:00,11:00,D3665,True
Jueves,08:00,09:00,D3665,True
Miércoles,18:00,19:00,D3665,True
Miércoles,20:00,21:00,D3665,True
Lunes,08:00,09:00,D3665,True
Sabado,12:00,13:00,D3665,True
Sabado,20:00,21:00,D3665,True
Martes,18:00,19:00,D3665,True
Domingo,17:00,18:00,D3665,True
Lunes,17:00,18:00,D3665,True
Lunes,10:00,11:00,D3665,True
Sabado,15:00,16:00,D3665,True
Domingo,09:00,10:00,D3665,True
Sabado,16:00,17:00,D3665,True
Lunes,15:00,16:00,D3665,True
Sabado,09:00,10:00,D3665,True
Viernes,13:00,14:00,D4281,True
Sabado,09:00,10:00,D4281,True
Lunes,16:00,17:00,D4281,True
Jueves,11:00,12:00,D4281,True
Domingo,18:00,19:00,D4281,True
Miércoles,19:00,20:00,D4281,True
Sabado,17:00,18:00,D4281,True
Domingo,12:00,13:00,D4281,True
Domingo,11:00,12:00,D4281,True
Domingo,10:00,11:00,D4281,True
Viernes,15:00,16:00,D4281,True
Jueves,10:00,11:00,D4281,True
Sabado,13:00,14:00,D4281,True
Sabado,11:00,12:00,D4281,True
Sabado,19:00,20:00,D4281,True
Jueves,09:00,10:00,D4281,True
Viernes,08:00,09:00,D4281,True
Jueves,20:00,21:00,D4281,True
Lunes,12:00,13:00,D4281,True
Domingo,16:00,17:00,D4281,True
Lunes,15:00,16:00,D3728,True
Sabado,09:00,10:00,D3728,True
Domingo,15:00,16:00,D3728,True
Miércoles,14:00,15:00,D3728,True
Sabado,12:00,13:00,D3728,True
Jueves,19:00,20:00,D3728,True
Viernes,19:00,20:00,D3728,True
Viernes,16:00,17:00,D3728,True
Domingo,11:00,12:00,D3728,True
Lunes,17:00,18:00,D3728,True
Sabado,10:00,11:00,D3728,True
Viernes,10:00,11:00,D3728,True
Miércoles,08:00,09:00,D3728,True
Viernes,20:00,21:00,D3728,True
Lunes,19:00,20:00,D3728,True
Domingo,10:00,11:00,D3728,True
Sabado,15:00,16:00,D3728,True
Jueves,18:00,19:00,D3728,True
Martes,19:00,20:00,D3728,True
Jueves,16:00,17:00,D3728,True
Viernes,14:00,15:00,D7376,True
Miércoles,11:00,12:00,D7376,True
Viernes,10:00,11:00,D7376,True
Miércoles,14:00,15:00,D7376,True
Viernes,16:00,17:00,D7376,True
Lunes,18:00,19:00,D7376,True
Viernes,11:00,12:00,D7376,True
Miércoles,17:00,18:00,D7376,True
Jueves,18:00,19:00,D7376,True
Martes,11:00,12:00,D7376,True
Viernes,19:00,20:00,D7376,True
Martes,13:00,14:00,D7376,True
Domingo,09:00,10:00,D7376,True
Viernes,17:00,18:00,D7376,True
Viernes,12:00,13:00,D7376,True
Miércoles,12:00,13:00,D7376,True
Miércoles,16:00,17:00,D7376,True
Domingo,18:00,19:00,D7376,True
Martes,15:00,16:00,D7376,True
Martes,18:00,19:00,D7376,True
Lunes,10:00,11:00,D6441,True
Martes,13:00,14:00,D6441,True
Jueves,09:00,10:00,D6441,True
Viernes,11:00,12:00,D6441,True
Miércoles,18:00,19:00,D6441,True
Jueves,20:00,21:00,D6441,True
Viernes,16:00,17:00,D6441,True
Domingo,15:00,16:00,D6441,True
Miércoles,13:00,14:00,D6441,True
Domingo,08:00,09:00,D6441,True
Lunes,14:00,15:00,D6441,True
Martes,17:00,18:00,D6441,True
Martes,15:00,16:00,D6441,True
Lunes,13:00,14:00,D6441,True
Lunes,16:00,17:00,D6441,True
Miércoles,08:00,09:00,D6441,True
Lunes,18:00,19:00,D6441,True
Miércoles,11:00,12:00,D6441,True
Jueves,15:00,16:00,D6441,True
Martes,16:00,17:00,D6441,True
Domingo,20:00,21:00,D9340,True
Domingo,12:00,13:00,D9340,True
Sabado,10:00,11:00,D9340,True
Miércoles,14:00,15:00,D9340,True
Viernes,11:00,12:00,D9340,True
Jueves,13:00,14:00,D9340,True
Jueves,19:00,20:00,D9340,True
Jueves,12:00,13:00,D9340,True
Domingo,09:00,10:00,D9340,True
Miércoles,19:00,20:00,D9340,True
Domingo,10:00,11:00,D9340,True
Martes,18:00,19:00,D9340,True
Domingo,14:00,15:00,D9340,True
Viernes,10:00,11:00,D9340,True
Miércoles,08:00,09:00,D9340,True
Viernes,08:00,09:00,D9340,True
Viernes,13:00,14:00,D9340,True
Viernes,15:00,16:00,D9340,True
Miércoles,12:00,13:00,D9340,True
Viernes,09:00,10:00,D9340,True
Lunes,17:00,18:00,D2965,True
Miércoles,20:00,21:00,D2965,True
Miércoles,18:00,19:00,D2965,True
Martes,19:00,20:00,D2965,True
Lunes,13:00,14:00,D2965,True
Sabado,12:00,13:00,D2965,True
Domingo,11:00,12:00,D2965,True
Martes,17:00,18:00,D2965,True
Sabado,08:00,09:00,D2965,True
Lunes,12:00,13:00,D2965,True
Viernes,08:00,09:00,D2965,True
Sabado,09:00,10:00,D2965,True
Miércoles,14:00,15:00,D2965,True
Domingo,13:00,14:00,D2965,True
Miércoles,10:00,11:00,D2965,True
Viernes,19:00,20:00,D2965,True
Domingo,17:00,18:00,D2965,True
Miércoles,08:00,09:00,D2965,True
Sabado,17:00,18:00,D2965,True
Sabado,14:00,15:00,D2965,True
Jueves,11:00,12:00,D4085,True
Jueves,08:00,09:00,D4085,True
Jueves,16:00,17:00,D4085,True
Lunes,17:00,18:00,D4085,True
Martes,12:00,13:00,D4085,True
Viernes,16:00,17:00,D4085,True
Sabado,12:00,13:00,D4085,True
Martes,16:00,17:00,D4085,True
Lunes,13:00,14:00,D4085,True
Miércoles,08:00,09:00,D4085,True
Lunes,19:00,20:00,D4085,True
Miércoles,11:00,12:00,D4085,True
Domingo,15:00,16:00,D4085,True
Sabado,08:00,09:00,D4085,True
Domingo,13:00,14:00,D4085,True
Martes,20:00,21:00,D4085,True
Sabado,16:00,17:00,D4085,True
Miércoles,20:00,21:00,D4085,True
Lunes,20:00,21:00,D4085,True
Miércoles,13:00,14:00,D4085,True
Martes,08:00,09:00,D8174,True
Lunes,18:00,19:00,D8174,True
Domingo,09:00,10:00,D8174,True
Lunes,17:00,18:00,D8174,True
Martes,12:00,13:00,D8174,True
Lunes,11:00,12:00,D8174,True
Martes,13:00,14:00,D8174,True
Miércoles,13:00,14:00,D8174,True
Viernes,18:00,19:00,D8174,True
Sabado,12:00,13:00,D8174,True
Miércoles,20:00,21:00,D8174,True
Jueves,20:00,21:00,D8174,True
Lunes,13:00,14:00,D8174,True
Miércoles,18:00,19:00,D8174,True
Jueves,11:00,12:00,D8174,True
Miércoles,16:00,17:00,D8174,True
Viernes,12:00,13:00,D8174,True
Domingo,10:00,11:00,D8174,True
Lunes,10:00,11:00,D8174,True
Jueves,17:00,18:00,D8174,True
Jueves,10:00,11:00,D7019,True
Domingo,13:00,14:00,D7019,True
Miércoles,10:00,11:00,D7019,True
Domingo,09:00,10:00,D7019,True
Viernes,09:00,10:00,D7019,True
Miércoles,13:00,14:00,D7019,True
Martes,17:00,18:00,D7019,True
Martes,12:00,13:00,D7019,True
Jueves,14:00,15:00,D7019,True
Martes,18:00,19:00,D7019,True
Domingo,12:00,13:00,D7019,True
Lunes,11:00,12:00,D7019,True
Domingo,18:00,19:00,D7019,True
Lunes,09:00,10:00,D7019,True
Jueves,15:00,16:00,D7019,True
Viernes,11:00,12:00,D7019,True
Domingo,19:00,20:00,D7019,True
Jueves,13:00,14:00,D7019,True
Viernes,10:00,11:00,D7019,True
Martes,16:00,17:00,D7019,True
Viernes,10:00,11:00,D5777,True
Domingo,16:00,17:00,D5777,True
Martes,15:00,16:00,D5777,True
Miércoles,17:00,18:00,D5777,True
Jueves,09:00,10:00,D5777,True
Jueves,08:00,09:00,D5777,True
Lunes,14:00,15:00,D5777,True
Miércoles,10:00,11:00,D5777,True
Viernes,20:00,21:00,D5777,True
Martes,16:00,17:00,D5777,True
Jueves,15:00,16:00,D5777,True
Martes,08:00,09:00,D5777,True
Domingo,11:00,12:00,D5777,True
Viernes,18:00,19:00,D5777,True
Sabado,18:00,19:00,D5777,True
Jueves,19:00,20:00,D5777,True
Martes,11:00,12:00,D5777,True
Lunes,18:00,19:00,D5777,True
Jueves,12:00,13:00,D5777,True
Sabado,16:00,17:00,D5777,True
Miércoles,08:00,09:00,D6319,True
Sabado,17:00,18:00,D6319,True
Lunes,16:00,17:00,D6319,True
Jueves,09:00,10:00,D6319,True
Sabado,20:00,21:00,D6319,True
Sabado,15:00,16:00,D6319,True
Lunes,19:00,20:00,D6319,True
Sabado,13:00,14:00,D6319,True
Domingo,19:00,20:00,D6319,True
Jueves,19:00,20:00,D6319,True
Martes,12:00,13:00,D6319,True
Jueves,17:00,18:00,D6319,True
Jueves,12:00,13:00,D6319,True
Miércoles,09:00,10:00,D6319,True
Sabado,18:00,19:00,D6319,True
Sabado,10:00,11:00,D6319,True
Lunes,14:00,15:00,D6319,True
Miércoles,15:00,16:00,D6319,True
Martes,08:00,09:00,D6319,True
Lunes,13:00,14:00,D6319,True
Lunes,18:00,19:00,D6424,True
Miércoles,12:00,13:00,D6424,True
Sabado,20:00,21:00,D6424,True
Miércoles,17:00,18:00,D6424,True
Miércoles,16:00,17:00,D6424,True
Viernes,19:00,20:00,D6424,True
Miércoles,08:00,09:00,D6424,True
Jueves,08:00,09:00,D6424,True
Martes,11:00,12:00,D6424,True
Viernes,09:00,10:00,D6424,True
Sabado,11:00,12:00,D6424,True
Sabado,09:00,10:00,D6424,True
Domingo,15:00,16:00,D6424,True
Sabado,19:00,20:00,D6424,True
Sabado,10:00,11:00,D6424,True
Domingo,12:00,13:00,D6424,True
Jueves,10:00,11:00,D6424,True
Jueves,15:00,16:00,D6424,True
Viernes,14:00,15:00,D6424,True
Sabado,13:00,14:00,D6424,True
Miércoles,16:00,17:00,D2696,True
Miércoles,10:00,11:00,D2696,True
Miércoles,09:00,10:00,D2696,True
Jueves,11:00,12:00,D2696,True
Viernes,18:00,19:00,D2696,True
Sabado,11:00,12:00,D2696,True
Domingo,13:00,14:00,D2696,True
Domingo,10:00,11:00,D2696,True
Miércoles,14:00,15:00,D2696,True
Lunes,17:00,18:00,D2696,True
Jueves,12:00,13:00,D2696,True
Jueves,15:00,16:00,D2696,True
Domingo,17:00,18:00,D2696,True
Martes,17:00,18:00,D2696,True
Martes,20:00,21:00,D2696,True
Lunes,08:00,09:00,D2696,True
Domingo,09:00,10:00,D2696,True
Miércoles,19:00,20:00,D2696,True
Lunes,09:00,10:00,D2696,True
Martes,11:00,12:00,D2696,True
Sabado,08:00,09:00,D7404,True
Domingo,11:00,12:00,D7404,True
Domingo,15:00,16:00,D7404,True
Viernes,18:00,19:00,D7404,True
Viernes,20:00,21:00,D7404,True
Martes,17:00,18:00,D7404,True
Jueves,15:00,16:00,D7404,True
Lunes,17:00,18:00,D7404,True
Lunes,11:00,12:00,D7404,True
Martes,16:00,17:00,D7404,True
Viernes,13:00,14:00,D7404,True
Viernes,19:00,20:00,D7404,True
Sabado,18:00,19:00,D7404,True
Jueves,10:00,11:00,D7404,True
Viernes,17:00,18:00,D7404,True
Viernes,16:00,17:00,D7404,True
Jueves,19:00,20:00,D7404,True
Martes,14:00,15:00,D7404,True
Lunes,10:00,11:00,D7404,True
Domingo,14:00,15:00,D7404,True
Viernes,20:00,21:00,D8658,True
Sabado,19:00,20:00,D8658,True
Lunes,17:00,18:00,D8658,True
Domingo,12:00,13:00,D8658,True
Martes,20:00,21:00,D8658,True
Martes,16:00,17:00,D8658,True
Jueves,08:00,09:00,D8658,True
Domingo,14:00,15:00,D8658,True
Domingo,17:00,18:00,D8658,True
Miércoles,15:00,16:00,D8658,True
Viernes,16:00,17:00,D8658,True
Domingo,18:00,19:00,D8658,True
Domingo,08:00,09:00,D8658,True
Sabado,13:00,14:00,D8658,True
Domingo,10:00,11:00,D8658,True
Viernes,17:00,18:00,D8658,True
Jueves,13:00,14:00,D8658,True
Jueves,18:00,19:00,D8658,True
Lunes,12:00,13:00,D8658,True
Martes,11:00,12:00,D8658,True
Viernes,11:00,12:00,D5337,True
Miércoles,14:00,15:00,D5337,True
Lunes,12:00,13:00,D5337,True
Sabado,15:00,16:00,D5337,True
Viernes,13:00,14:00,D5337,True
Martes,11:00,12:00,D5337,True
Domingo,13:00,14:00,D5337,True
Domingo,18:00,19:00,D5337,True
Viernes,10:00,11:00,D5337,True
Miércoles,09:00,10:00,D5337,True
Lunes,09:00,10:00,D5337,True
Jueves,08:00,09:00,D5337,True
Lunes,20:00,21:00,D5337,True
Martes,17:00,18:00,D5337,True
Jueves,13:00,14:00,D5337,True
Martes,19:00,20:00,D5337,True
Sabado,16:00,17:00,D5337,True
Viernes,08:00,09:00,D5337,True
Domingo,12:00,13:00,D5337,True
Domingo,16:00,17:00,D5337,True
Miércoles,13:00,14:00,D6214,True
Martes,20:00,21:00,D6214,True
Miércoles,19:00,20:00,D6214,True
Lunes,19:00,20:00,D6214,True
Martes,15:00,16:00,D6214,True
Domingo,13:00,14:00,D6214,True
Sabado,13:00,14:00,D6214,True
Jueves,19:00,20:00,D6214,True
Miércoles,18:00,19:00,D6214,True
Jueves,08:00,09:00,D6214,True
Lunes,13:00,14:00,D6214,True
Martes,19:00,20:00,D6214,True
Martes,13:00,14:00,D6214,True
Miércoles,15:00,16:00,D6214,True
Viernes,14:00,15:00,D6214,True
Lunes,17:00,18:00,D6214,True
Miércoles,17:00,18:00,D6214,True
Domingo,18:00,19:00,D6214,True
Jueves,20:00,21:00,D6214,True
Domingo,12:00,13:00,D6214,True
Sabado,11:00,12:00,D6366,True
Sabado,19:00,20:00,D6366,True
Viernes,18:00,19:00,D6366,True
Lunes,15:00,16:00,D6366,True
Viernes,14:00,15:00,D6366,True
Viernes,20:00,21:00,D6366,True
Sabado,08:00,09:00,D6366,True
Jueves,19:00,20:00,D6366,True
Sabado,09:00,10:00,D6366,True
Jueves,11:00,12:00,D6366,True
Sabado,14:00,15:00,D6366,True
Martes,11:00,12:00,D6366,True
Miércoles,09:00,10:00,D6366,True
Jueves,14:00,15:00,D6366,True
Lunes,18:00,19:00,D6366,True
Lunes,08:00,09:00,D6366,True
Domingo,16:00,17:00,D6366,True
Jueves,13:00,14:00,D6366,True
Jueves,16:00,17:00,D6366,True
Miércoles,19:00,20:00,D6366,True
Martes,11:00,12:00,D8800,True
Sabado,20:00,21:00,D8800,True
Jueves,13:00,14:00,D8800,True
Martes,16:00,17:00,D8800,True
Viernes,09:00,10:00,D8800,True
Miércoles,18:00,19:00,D8800,True
Jueves,15:00,16:00,D8800,True
Viernes,20:00,21:00,D8800,True
Lunes,17:00,18:00,D8800,True
Martes,08:00,09:00,D8800,True
Lunes,16:00,17:00,D8800,True
Viernes,17:00,18:00,D8800,True
Lunes,08:00,09:00,D8800,True
Domingo,20:00,21:00,D8800,True
Miércoles,08:00,09:00,D8800,True
Sabado,16:00,17:00,D8800,True
Martes,10:00,11:00,D8800,True
Miércoles,10:00,11:00,D8800,True
Lunes,15:00,16:00,D8800,True
Sabado,15:00,16:00,D8800,True
Miércoles,08:00,09:00,D2623,True
Viernes,15:00,16:00,D2623,True
Jueves,09:00,10:00,D2623,True
Miércoles,13:00,14:00,D2623,True
Martes,11:00,12:00,D2623,True
Domingo,14:00,15:00,D2623,True
Domingo,08:00,09:00,D2623,True
Martes,08:00,09:00,D2623,True
Domingo,10:00,11:00,D2623,True
Sabado,10:00,11:00,D2623,True
Viernes,19:00,20:00,D2623,True
Jueves,14:00,15:00,D2623,True
Martes,17:00,18:00,D2623,True
Jueves,12:00,13:00,D2623,True
Lunes,12:00,13:00,D2623,True
Viernes,20:00,21:00,D2623,True
Lunes,15:00,16:00,D2623,True
Sabado,17:00,18:00,D2623,True
Jueves,11:00,12:00,D2623,True
Viernes,16:00,17:00,D2623,True
Lunes,20:00,21:00,D1523,True
Sabado,12:00,13:00,D1523,True
Jueves,20:00,21:00,D1523,True
Miércoles,15:00,16:00,D1523,True
Domingo,11:00,12:00,D1523,True
Viernes,20:00,21:00,D1523,True
Miércoles,17:00,18:00,D1523,True
Sabado,11:00,12:00,D1523,True
Sabado,10:00,11:00,D1523,True
Martes,13:00,14:00,D1523,True
Sabado,15:00,16:00,D1523,True
Sabado,08:00,09:00,D1523,True
Sabado,19:00,20:00,D1523,True
Martes,15:00,16:00,D1523,True
Martes,11:00,12:00,D1523,True
Martes,17:00,18:00,D1523,True
Domingo,13:00,14:00,D1523,True
Jueves,19:00,20:00,D1523,True
Miércoles,12:00,13:00,D1523,True
Miércoles,14:00,15:00,D1523,True
Sabado,14:00,15:00,D9291,True
Jueves,17:00,18:00,D9291,True
Lunes,14:00,15:00,D9291,True
Miércoles,19:00,20:00,D9291,True
Viernes,20:00,21:00,D9291,True
Viernes,19:00,20:00,D9291,True
Lunes,16:00,17:00,D9291,True
Sabado,16:00,17:00,D9291,True
Domingo,11:00,12:00,D9291,True
Lunes,19:00,20:00,D9291,True
Martes,09:00,10:00,D9291,True
Sabado,13:00,14:00,D9291,True
Lunes,18:00,19:00,D9291,True
Martes,18:00,19:00,D9291,True
Jueves,12:00,13:00,D9291,True
Domingo,13:00,14:00,D9291,True
Martes,15:00,16:00,D9291,True
Domingo,10:00,11:00,D9291,True
Miércoles,14:00,15:00,D9291,True
Jueves,15:00,16:00,D9291,True
Sabado,13:00,14:00,D6393,True
Domingo,20:00,21:00,D6393,True
Jueves,12:00,13:00,D6393,True
Martes,08:00,09:00,D6393,True
Viernes,12:00,13:00,D6393,True
Viernes,20:00,21:00,D6393,True
Miércoles,10:00,11:00,D6393,True
Viernes,10:00,11:00,D6393,True
Sabado,10:00,11:00,D6393,True
Domingo,12:00,13:00,D6393,True
Martes,20:00,21:00,D6393,True
Miércoles,18:00,19:00,D6393,True
Sabado,08:00,09:00,D6393,True
Martes,16:00,17:00,D6393,True
Martes,17:00,18:00,D6393,True
Martes,19:00,20:00,D6393,True
Martes,12:00,13:00,D6393,True
Viernes,11:00,12:00,D6393,True
Jueves,15:00,16:00,D6393,True
Martes,10:00,11:00,D6393,True
Viernes,08:00,09:00,D1885,True
Domingo,13:00,14:00,D1885,True
Martes,20:00,21:00,D1885,True
Sabado,10:00,11:00,D1885,True
Lunes,14:00,15:00,D1885,True
Jueves,19:00,20:00,D1885,True
Viernes,14:00,15:00,D1885,True
Miércoles,15:00,16:00,D1885,True
Jueves,18:00,19:00,D1885,True
Jueves,11:00,12:00,D1885,True
Domingo,10:00,11:00,D1885,True
Lunes,08:00,09:00,D1885,True
Miércoles,18:00,19:00,D1885,True
Martes,14:00,15:00,D1885,True
Jueves,12:00,13:00,D1885,True
Viernes,17:00,18:00,D1885,True
Sabado,20:00,21:00,D1885,True
Lunes,11:00,12:00,D1885,True
Viernes,13:00,14:00,D1885,True
Sabado,17:00,18:00,D1885,True
Sabado,13:00,14:00,D2816,True
Jueves,10:00,11:00,D2816,True
Domingo,19:00,20:00,D2816,True
Miércoles,10:00,11:00,D2816,True
Martes,20:00,21:00,D2816,True
Viernes,15:00,16:00,D2816,True
Miércoles,08:00,09:00,D2816,True
Miércoles,17:00,18:00,D2816,True
Sabado,09:00,10:00,D2816,True
Viernes,11:00,12:00,D2816,True
Jueves,08:00,09:00,D2816,True
Miércoles,20:00,21:00,D2816,True
Jueves,18:00,19:00,D2816,True
Miércoles,16:00,17:00,D2816,True
Miércoles,11:00,12:00,D2816,True
Jueves,16:00,17:00,D2816,True
Viernes,12:00,13:00,D2816,True
Martes,08:00,09:00,D2816,True
Lunes,09:00,10:00,D2816,True
Sabado,15:00,16:00,D2816,True
Lunes,09:00,10:00,D5144,True
Lunes,11:00,12:00,D5144,True
Viernes,13:00,14:00,D5144,True
Viernes,17:00,18:00,D5144,True
Domingo,09:00,10:00,D5144,True
Domingo,15:00,16:00,D5144,True
Jueves,18:00,19:00,D5144,True
Sabado,18:00,19:00,D5144,True
Viernes,19:00,20:00,D5144,True
Lunes,10:00,11:00,D5144,True
Martes,16:00,17:00,D5144,True
Jueves,08:00,09:00,D5144,True
Martes,10:00,11:00,D5144,True
Miércoles,17:00,18:00,D5144,True
Lunes,08:00,09:00,D5144,True
Viernes,20:00,21:00,D5144,True
Martes,19:00,20:00,D5144,True
Martes,20:00,21:00,D5144,True
Domingo,10:00,11:00,D5144,True
Viernes,09:00,10:00,D5144,True
Viernes,14:00,15:00,D8743,True
Martes,20:00,21:00,D8743,True
Sabado,09:00,10:00,D8743,True
Domingo,09:00,10:00,D8743,True
Lunes,10:00,11:00,D8743,True
Lunes,19:00,20:00,D8743,True
Viernes,11:00,12:00,D8743,True
Sabado,10:00,11:00,D8743,True
Domingo,15:00,16:00,D8743,True
Jueves,08:00,09:00,D8743,True
Domingo,20:00,21:00,D8743,True
Sabado,11:00,12:00,D8743,True
Domingo,14:00,15:00,D8743,True
Jueves,20:00,21:00,D8743,True
Domingo,18:00,19:00,D8743,True
Lunes,15:00,16:00,D8743,True
Sabado,12:00,13:00,D8743,True
Martes,08:00,09:00,D8743,True
Viernes,09:00,10:00,D8743,True
Lunes,14:00,15:00,D8743,True
Domingo,20:00,21:00,D7464,True
Jueves,16:00,17:00,D7464,True
Viernes,20:00,21:00,D7464,True
Miércoles,19:00,20:00,D7464,True
Martes,19:00,20:00,D7464,True
Lunes,11:00,12:00,D7464,True
Sabado,17:00,18:00,D7464,True
Sabado,13:00,14:00,D7464,True
Jueves,18:00,19:00,D7464,True
Domingo,08:00,09:00,D7464,True
Miércoles,08:00,09:00,D7464,True
Miércoles,16:00,17:00,D7464,True
Martes,12:00,13:00,D7464,True
Jueves,20:00,21:00,D7464,True
Lunes,13:00,14:00,D7464,True
Miércoles,10:00,11:00,D7464,True
Domingo,09:00,10:00,D7464,True
Lunes,09:00,10:00,D7464,True
Martes,13:00,14:00,D7464,True
Miércoles,09:00,10:00,D7464,True
Lunes,19:00,20:00,D9579,True
Miércoles,12:00,13:00,D9579,True
Lunes,17:00,18:00,D9579,True
Martes,09:00,10:00,D9579,True
Sabado,20:00,21:00,D9579,True
Lunes,10:00,11:00,D9579,True
Miércoles,10:00,11:00,D9579,True
Lunes,13:00,14:00,D9579,True
Viernes,14:00,15:00,D9579,True
Miércoles,17:00,18:00,D9579,True
Domingo,19:00,20:00,D9579,True
Sabado,18:00,19:00,D9579,True
Miércoles,20:00,21:00,D9579,True
Jueves,11:00,12:00,D9579,True
Martes,16:00,17:00,D9579,True
Viernes,17:00,18:00,D9579,True
Miércoles,16:00,17:00,D9579,True
Jueves,13:00,14:00,D9579,True
Viernes,11:00,12:00,D9579,True
Domingo,16:00,17:00,D9579,True
Viernes,11:00,12:00,D3665,True
Jueves,12:00,13:00,D3665,True
Martes,17:00,18:00,D3665,True
Viernes,09:00,10:00,D3665,True
Sabado,12:00,13:00,D3665,True
Sabado,17:00,18:00,D3665,True
Sabado,13:00,14:00,D3665,True
Viernes,15:00,16:00,D3665,True
Martes,15:00,16:00,D3665,True
Domingo,14:00,15:00,D3665,True
Miércoles,16:00,17:00,D3665,True
Martes,10:00,11:00,D3665,True
Sabado,18:00,19:00,D3665,True
Viernes,12:00,13:00,D3665,True
Lunes,09:00,10:00,D3665,True
Viernes,13:00,14:00,D3665,True
Domingo,13:00,14:00,D3665,True
Domingo,18:00,19:00,D3665,True
Jueves,10:00,11:00,D3665,True
Martes,09:00,10:00,D3665,True
Viernes,16:00,17:00,D5685,True
Jueves,13:00,14:00,D5685,True
Miércoles,19:00,20:00,D5685,True
Domingo,08:00,09:00,D5685,True
Domingo,19:00,20:00,D5685,True
Sabado,08:00,09:00,D5685,True
Lunes,08:00,09:00,D5685,True
Jueves,17:00,18:00,D5685,True
Miércoles,18:00,19:00,D5685,True
Domingo,17:00,18:00,D5685,True
Viernes,09:00,10:00,D5685,True
Domingo,09:00,10:00,D5685,True
Jueves,20:00,21:00,D5685,True
Martes,20:00,21:00,D5685,True
Martes,12:00,13:00,D5685,True
Miércoles,16:00,17:00,D5685,True
Miércoles,17:00,18:00,D5685,True
Domingo,18:00,19:00,D5685,True
Viernes,12:00,13:00,D5685,True
Martes,16:00,17:00,D5685,True
Sabado,11:00,12:00,D2632,True
Domingo,08:00,09:00,D2632,True
Jueves,08:00,09:00,D2632,True
Sabado,13:00,14:00,D2632,True
Jueves,10:00,11:00,D2632,True
Martes,10:00,11:00,D2632,True
Miércoles,19:00,20:00,D2632,True
Sabado,19:00,20:00,D2632,True
Sabado,15:00,16:00,D2632,True
Domingo,10:00,11:00,D2632,True
Domingo,19:00,20:00,D2632,True
Viernes,11:00,12:00,D2632,True
Jueves,17:00,18:00,D2632,True
Sabado,14:00,15:00,D2632,True
Martes,20:00,21:00,D2632,True
Viernes,16:00,17:00,D2632,True
Lunes,13:00,14:00,D2632,True
Viernes,08:00,09:00,D2632,True
Martes,16:00,17:00,D2632,True
Viernes,15:00,16:00,D2632,True
Jueves,19:00,20:00,D8654,True
Miércoles,18:00,19:00,D8654,True
Miércoles,13:00,14:00,D8654,True
Miércoles,08:00,09:00,D8654,True
Viernes,17:00,18:00,D8654,True
Miércoles,20:00,21:00,D8654,True
Viernes,12:00,13:00,D8654,True
Jueves,18:00,19:00,D8654,True
Jueves,14:00,15:00,D8654,True
Lunes,15:00,16:00,D8654,True
Sabado,18:00,19:00,D8654,True
Martes,12:00,13:00,D8654,True
Lunes,16:00,17:00,D8654,True
Viernes,20:00,21:00,D8654,True
Domingo,13:00,14:00,D8654,True
Lunes,19:00,20:00,D8654,True
Domingo,17:00,18:00,D8654,True
Sabado,09:00,10:00,D8654,True
Domingo,10:00,11:00,D8654,True
Martes,09:00,10:00,D8654,True
Martes,17:00,18:00,D1685,True
Domingo,17:00,18:00,D1685,True
Viernes,10:00,11:00,D1685,True
Lunes,16:00,17:00,D1685,True
Lunes,09:00,10:00,D1685,True
Domingo,20:00,21:00,D1685,True
Martes,15:00,16:00,D1685,True
Sabado,14:00,15:00,D1685,True
Domingo,13:00,14:00,D1685,True
Jueves,09:00,10:00,D1685,True
Viernes,20:00,21:00,D1685,True
Sabado,15:00,16:00,D1685,True
Miércoles,14:00,15:00,D1685,True
Sabado,12:00,13:00,D1685,True
Lunes,14:00,15:00,D1685,True
Miércoles,18:00,19:00,D1685,True
Domingo,10:00,11:00,D1685,True
Miércoles,17:00,18:00,D1685,True
Sabado,10:00,11:00,D1685,True
Sabado,08:00,09:00,D1685,True
Jueves,15:00,16:00,D8843,True
Viernes,20:00,21:00,D8843,True
Viernes,17:00,18:00,D8843,True
Domingo,14:00,15:00,D8843,True
Lunes,10:00,11:00,D8843,True
Miércoles,19:00,20:00,D8843,True
Viernes,18:00,19:00,D8843,True
Viernes,11:00,12:00,D8843,True
Jueves,18:00,19:00,D8843,True
Sabado,09:00,10:00,D8843,True
Martes,14:00,15:00,D8843,True
Lunes,20:00,21:00,D8843,True
Miércoles,16:00,17:00,D8843,True
Lunes,15:00,16:00,D8843,True
Miércoles,15:00,16:00,D8843,True
Miércoles,13:00,14:00,D8843,True
Viernes,16:00,17:00,D8843,True
Lunes,14:00,15:00,D8843,True
Lunes,18:00,19:00,D8843,True
Viernes,08:00,09:00,D8843,True
Martes,19:00,20:00,D9831,True
Viernes,08:00,09:00,D9831,True
Martes,09:00,10:00,D9831,True
Viernes,11:00,12:00,D9831,True
Viernes,18:00,19:00,D9831,True
Sabado,11:00,12:00,D9831,True
Jueves,09:00,10:00,D9831,True
Domingo,14:00,15:00,D9831,True
Domingo,13:00,14:00,D9831,True
Martes,11:00,12:00,D9831,True
Domingo,17:00,18:00,D9831,True
Sabado,13:00,14:00,D9831,True
Miércoles,12:00,13:00,D9831,True
Sabado,18:00,19:00,D9831,True
Sabado,10:00,11:00,D9831,True
Viernes,13:00,14:00,D9831,True
Domingo,10:00,11:00,D9831,True
Miércoles,08:00,09:00,D9831,True
Domingo,15:00,16:00,D9831,True
Viernes,12:00,13:00,D9831,True
Viernes,14:00,15:00,D7100,True
Jueves,09:00,10:00,D7100,True
Domingo,14:00,15:00,D7100,True
Sabado,19:00,20:00,D7100,True
Martes,11:00,12:00,D7100,True
Martes,09:00,10:00,D7100,True
Viernes,13:00,14:00,D7100,True
Jueves,08:00,09:00,D7100,True
Viernes,12:00,13:00,D7100,True
Jueves,18:00,19:00,D7100,True
Sabado,14:00,15:00,D7100,True
Domingo,11:00,12:00,D7100,True
Domingo,17:00,18:00,D7100,True
Domingo,19:00,20:00,D7100,True
Martes,17:00,18:00,D7100,True
Viernes,19:00,20:00,D7100,True
Jueves,11:00,12:00,D7100,True
Martes,08:00,09:00,D7100,True
Sabado,17:00,18:00,D7100,True
Miércoles,19:00,20:00,D7100,True
Lunes,08:00,09:00,D4183,True
Miércoles,14:00,15:00,D4183,True
Viernes,11:00,12:00,D4183,True
Martes,18:00,19:00,D4183,True
Sabado,17:00,18:00,D4183,True
Viernes,08:00,09:00,D4183,True
Domingo,17:00,18:00,D4183,True
Lunes,11:00,12:00,D4183,True
Domingo,14:00,15:00,D4183,True
Sabado,16:00,17:00,D4183,True
Domingo,09:00,10:00,D4183,True
Martes,16:00,17:00,D4183,True
Martes,17:00,18:00,D4183,True
Jueves,12:00,13:00,D4183,True
Miércoles,17:00,18:00,D4183,True
Martes,10:00,11:00,D4183,True
Domingo,12:00,13:00,D4183,True
Lunes,10:00,11:00,D4183,True
Lunes,13:00,14:00,D4183,True
Miércoles,08:00,09:00,D4183,True
Miércoles,14:00,15:00,D8572,True
Miércoles,10:00,11:00,D8572,True
Miércoles,15:00,16:00,D8572,True
Martes,19:00,20:00,D8572,True
Viernes,17:00,18:00,D8572,True
Lunes,16:00,17:00,D8572,True
Sabado,18:00,19:00,D8572,True
Jueves,09:00,10:00,D8572,True
Martes,13:00,14:00,D8572,True
Jueves,15:00,16:00,D8572,True
Sabado,11:00,12:00,D8572,True
Viernes,16:00,17:00,D8572,True
Martes,12:00,13:00,D8572,True
Miércoles,09:00,10:00,D8572,True
Martes,16:00,17:00,D8572,True
Sabado,13:00,14:00,D8572,True
Viernes,08:00,09:00,D8572,True
Lunes,10:00,11:00,D8572,True
Jueves,16:00,17:00,D8572,True
Martes,18:00,19:00,D8572,True
Lunes,17:00,18:00,D6793,True
Miércoles,11:00,12:00,D6793,True
Jueves,16:00,17:00,D6793,True
Jueves,08:00,09:00,D6793,True
Viernes,11:00,12:00,D6793,True
Domingo,12:00,13:00,D6793,True
Lunes,20:00,21:00,D6793,True
Miércoles,16:00,17:00,D6793,True
Domingo,20:00,21:00,D6793,True
Miércoles,18:00,19:00,D6793,True
Martes,16:00,17:00,D6793,True
Domingo,18:00,19:00,D6793,True
Domingo,13:00,14:00,D6793,True
Jueves,13:00,14:00,D6793,True
Martes,20:00,21:00,D6793,True
Domingo,14:00,15:00,D6793,True
Sabado,16:00,17:00,D6793,True
Martes,19:00,20:00,D6793,True
Sabado,13:00,14:00,D6793,True
Viernes,14:00,15:00,D6793,True
Domingo,13:00,14:00,D4654,True
Miércoles,18:00,19:00,D4654,True
Lunes,16:00,17:00,D4654,True
Lunes,15:00,16:00,D4654,True
Viernes,16:00,17:00,D4654,True
Jueves,13:00,14:00,D4654,True
Sabado,10:00,11:00,D4654,True
Jueves,08:00,09:00,D4654,True
Jueves,09:00,10:00,D4654,True
Jueves,19:00,20:00,D4654,True
Martes,20:00,21:00,D4654,True
Martes,08:00,09:00,D4654,True
Jueves,18:00,19:00,D4654,True
Jueves,15:00,16:00,D4654,True
Viernes,14:00,15:00,D4654,True
Domingo,19:00,20:00,D4654,True
Miércoles,10:00,11:00,D4654,True
Lunes,09:00,10:00,D4654,True
Martes,18:00,19:00,D4654,True
Martes,13:00,14:00,D4654,True
Viernes,13:00,14:00,D8465,True
Domingo,11:00,12:00,D8465,True
Domingo,20:00,21:00,D8465,True
Martes,17:00,18:00,D8465,True
Domingo,17:00,18:00,D8465,True
Martes,20:00,21:00,D8465,True
Viernes,16:00,17:00,D8465,True
Jueves,18:00,19:00,D8465,True
Lunes,14:00,15:00,D8465,True
Miércoles,17:00,18:00,D8465,True
Martes,08:00,09:00,D8465,True
Lunes,10:00,11:00,D8465,True
Viernes,08:00,09:00,D8465,True
Sabado,09:00,10:00,D8465,True
Viernes,18:00,19:00,D8465,True
Sabado,08:00,09:00,D8465,True
Miércoles,15:00,16:00,D8465,True
Miércoles,09:00,10:00,D8465,True
Martes,14:00,15:00,D8465,True
Viernes,19:00,20:00,D8465,True
Lunes,17:00,18:00,D1908,True
Sabado,08:00,09:00,D1908,True
Miércoles,11:00,12:00,D1908,True
Domingo,13:00,14:00,D1908,True
Jueves,13:00,14:00,D1908,True
Miércoles,16:00,17:00,D1908,True
Viernes,20:00,21:00,D1908,True
Miércoles,09:00,10:00,D1908,True
Sabado,18:00,19:00,D1908,True
Martes,15:00,16:00,D1908,True
Domingo,14:00,15:00,D1908,True
Jueves,17:00,18:00,D1908,True
Domingo,09:00,10:00,D1908,True
Martes,14:00,15:00,D1908,True
Miércoles,18:00,19:00,D1908,True
Viernes,08:00,09:00,D1908,True
Viernes,10:00,11:00,D1908,True
Jueves,11:00,12:00,D1908,True
Miércoles,19:00,20:00,D1908,True
Lunes,16:00,17:00,D1908,True
Viernes,14:00,15:00,D2586,True
Domingo,09:00,10:00,D2586,True
Martes,13:00,14:00,D2586,True
Sabado,13:00,14:00,D2586,True
Jueves,10:00,11:00,D2586,True
Lunes,20:00,21:00,D2586,True
Viernes,16:00,17:00,D2586,True
Sabado,15:00,16:00,D2586,True
Lunes,15:00,16:00,D2586,True
Sabado,11:00,12:00,D2586,True
Miércoles,12:00,13:00,D2586,True
Lunes,14:00,15:00,D2586,True
Viernes,12:00,13:00,D2586,True
Lunes,11:00,12:00,D2586,True
Domingo,13:00,14:00,D2586,True
Sabado,12:00,13:00,D2586,True
Viernes,18:00,19:00,D2586,True
Domingo,15:00,16:00,D2586,True
Viernes,19:00,20:00,D2586,True
Jueves,09:00,10:00,D2586,True
Sabado,18:00,19:00,D9139,True
Sabado,11:00,12:00,D9139,True
Miércoles,19:00,20:00,D9139,True
Martes,17:00,18:00,D9139,True
Sabado,14:00,15:00,D9139,True
Jueves,16:00,17:00,D9139,True
Viernes,12:00,13:00,D9139,True
Sabado,15:00,16:00,D9139,True
Jueves,12:00,13:00,D9139,True
Viernes,16:00,17:00,D9139,True
Domingo,17:00,18:00,D9139,True
Domingo,12:00,13:00,D9139,True
Lunes,13:00,14:00,D9139,True
Lunes,16:00,17:00,D9139,True
Lunes,17:00,18:00,D9139,True
Jueves,10:00,11:00,D9139,True
Sabado,20:00,21:00,D9139,True
Jueves,11:00,12:00,D9139,True
Viernes,14:00,15:00,D9139,True
Lunes,08:00,09:00,D9139,True
Sabado,13:00,14:00,D7464,True
Martes,08:00,09:00,D7464,True
Sabado,18:00,19:00,D7464,True
Martes,10:00,11:00,D7464,True
Sabado,14:00,15:00,D7464,True
Sabado,12:00,13:00,D7464,True
Sabado,10:00,11:00,D7464,True
Martes,13:00,14:00,D7464,True
Viernes,08:00,09:00,D7464,True
Miércoles,09:00,10:00,D7464,True
Miércoles,12:00,13:00,D7464,True
Miércoles,18:00,19:00,D7464,True
Martes,17:00,18:00,D7464,True
Sabado,09:00,10:00,D7464,True
Viernes,16:00,17:00,D7464,True
Domingo,09:00,10:00,D7464,True
Lunes,11:00,12:00,D7464,True
Viernes,20:00,21:00,D7464,True
Martes,12:00,13:00,D7464,True
Sabado,15:00,16:00,D7464,True
Jueves,19:00,20:00,D7902,True
Domingo,11:00,12:00,D7902,True
Miércoles,09:00,10:00,D7902,True
Viernes,16:00,17:00,D7902,True
Sabado,10:00,11:00,D7902,True
Domingo,17:00,18:00,D7902,True
Domingo,10:00,11:00,D7902,True
Domingo,14:00,15:00,D7902,True
Domingo,12:00,13:00,D7902,True
Miércoles,18:00,19:00,D7902,True
Jueves,17:00,18:00,D7902,True
Domingo,16:00,17:00,D7902,True
Viernes,10:00,11:00,D7902,True
Lunes,10:00,11:00,D7902,True
Lunes,19:00,20:00,D7902,True
Viernes,15:00,16:00,D7902,True
Martes,20:00,21:00,D7902,True
Lunes,09:00,10:00,D7902,True
Miércoles,08:00,09:00,D7902,True
Viernes,08:00,09:00,D7902,True
Domingo,15:00,16:00,D9363,True
Sabado,10:00,11:00,D9363,True
Domingo,11:00,12:00,D9363,True
Martes,13:00,14:00,D9363,True
Viernes,15:00,16:00,D9363,True
Lunes,18:00,19:00,D9363,True
Sabado,13:00,14:00,D9363,True
Miércoles,09:00,10:00,D9363,True
Domingo,17:00,18:00,D9363,True
Sabado,20:00,21:00,D9363,True
Viernes,13:00,14:00,D9363,True
Miércoles,19:00,20:00,D9363,True
Lunes,08:00,09:00,D9363,True
Sabado,09:00,10:00,D9363,True
Domingo,18:00,19:00,D9363,True
Lunes,10:00,11:00,D9363,True
Domingo,16:00,17:00,D9363,True
Jueves,11:00,12:00,D9363,True
Sabado,16:00,17:00,D9363,True
Viernes,20:00,21:00,D9363,True
Jueves,19:00,20:00,D2624,True
Miércoles,08:00,09:00,D2624,True
Lunes,20:00,21:00,D2624,True
Lunes,11:00,12:00,D2624,True
Miércoles,13:00,14:00,D2624,True
Miércoles,12:00,13:00,D2624,True
Domingo,11:00,12:00,D2624,True
Jueves,15:00,16:00,D2624,True
Domingo,17:00,18:00,D2624,True
Sabado,16:00,17:00,D2624,True
Lunes,16:00,17:00,D2624,True
Sabado,14:00,15:00,D2624,True
Miércoles,09:00,10:00,D2624,True
Viernes,08:00,09:00,D2624,True
Viernes,13:00,14:00,D2624,True
Sabado,15:00,16:00,D2624,True
Viernes,18:00,19:00,D2624,True
Miércoles,10:00,11:00,D2624,True
Domingo,13:00,14:00,D2624,True
Viernes,15:00,16:00,D2624,True
Sabado,15:00,16:00,D5886,True
Domingo,12:00,13:00,D5886,True
Domingo,17:00,18:00,D5886,True
Sabado,20:00,21:00,D5886,True
Sabado,12:00,13:00,D5886,True
Lunes,09:00,10:00,D5886,True
Lunes,20:00,21:00,D5886,True
Martes,18:00,19:00,D5886,True
Jueves,16:00,17:00,D5886,True
Domingo,13:00,14:00,D5886,True
Miércoles,12:00,13:00,D5886,True
Martes,11:00,12:00,D5886,True
Jueves,09:00,10:00,D5886,True
Sabado,10:00,11:00,D5886,True
Martes,08:00,09:00,D5886,True
Lunes,13:00,14:00,D5886,True
Viernes,14:00,15:00,D5886,True
Domingo,20:00,21:00,D5886,True
Martes,16:00,17:00,D5886,True
Miércoles,16:00,17:00,D5886,True
Martes,18:00,19:00,D7581,True
Lunes,16:00,17:00,D7581,True
Sabado,12:00,13:00,D7581,True
Miércoles,13:00,14:00,D7581,True
Sabado,09:00,10:00,D7581,True
Jueves,16:00,17:00,D7581,True
Sabado,18:00,19:00,D7581,True
Viernes,14:00,15:00,D7581,True
Miércoles,14:00,15:00,D7581,True
Jueves,11:00,12:00,D7581,True
Martes,10:00,11:00,D7581,True
Jueves,10:00,11:00,D7581,True
Jueves,12:00,13:00,D7581,True
Domingo,19:00,20:00,D7581,True
Lunes,20:00,21:00,D7581,True
Martes,20:00,21:00,D7581,True
Lunes,09:00,10:00,D7581,True
Lunes,15:00,16:00,D7581,True
Jueves,13:00,14:00,D7581,True
Viernes,09:00,10:00,D7581,True
Domingo,11:00,12:00,D8766,True
Jueves,12:00,13:00,D8766,True
Jueves,08:00,09:00,D8766,True
Viernes,15:00,16:00,D8766,True
Martes,12:00,13:00,D8766,True
Domingo,20:00,21:00,D8766,True
Domingo,15:00,16:00,D8766,True
Sabado,09:00,10:00,D8766,True
Jueves,09:00,10:00,D8766,True
Jueves,16:00,17:00,D8766,True
Domingo,10:00,11:00,D8766,True
Domingo,17:00,18:00,D8766,True
Miércoles,12:00,13:00,D8766,True
Martes,20:00,21:00,D8766,True
Lunes,20:00,21:00,D8766,True
Lunes,08:00,09:00,D8766,True
Lunes,13:00,14:00,D8766,True
Lunes,16:00,17:00,D8766,True
Martes,16:00,17:00,D8766,True
Martes,09:00,10:00,D8766,True
Miércoles,11:00,12:00,D9899,True
Domingo,19:00,20:00,D9899,True
Miércoles,13:00,14:00,D9899,True
Viernes,08:00,09:00,D9899,True
Lunes,08:00,09:00,D9899,True
Sabado,17:00,18:00,D9899,True
Miércoles,18:00,19:00,D9899,True
Martes,16:00,17:00,D9899,True
Lunes,20:00,21:00,D9899,True
Jueves,09:00,10:00,D9899,True
Sabado,16:00,17:00,D9899,True
Miércoles,16:00,17:00,D9899,True
Martes,09:00,10:00,D9899,True
Miércoles,19:00,20:00,D9899,True
Miércoles,12:00,13:00,D9899,True
Domingo,09:00,10:00,D9899,True
Martes,20:00,21:00,D9899,True
Sabado,12:00,13:00,D9899,True
Jueves,12:00,13:00,D9899,True
Domingo,20:00,21:00,D9899,True
Jueves,19:00,20:00,D5036,True
Miércoles,10:00,11:00,D5036,True
Domingo,13:00,14:00,D5036,True
Lunes,13:00,14:00,D5036,True
Martes,14:00,15:00,D5036,True
Lunes,10:00,11:00,D5036,True
Domingo,10:00,11:00,D5036,True
Sabado,08:00,09:00,D5036,True
Jueves,08:00,09:00,D5036,True
Lunes,08:00,09:00,D5036,True
Lunes,16:00,17:00,D5036,True
Martes,15:00,16:00,D5036,True
Viernes,13:00,14:00,D5036,True
Viernes,16:00,17:00,D5036,True
Miércoles,14:00,15:00,D5036,True
Domingo,14:00,15:00,D5036,True
Jueves,16:00,17:00,D5036,True
Sabado,14:00,15:00,D5036,True
Domingo,20:00,21:00,D5036,True
Sabado,17:00,18:00,D5036,True
Martes,16:00,17:00,D7873,True
Viernes,11:00,12:00,D7873,True
Miércoles,19:00,20:00,D7873,True
Viernes,13:00,14:00,D7873,True
Domingo,16:00,17:00,D7873,True
Jueves,11:00,12:00,D7873,True
Martes,15:00,16:00,D7873,True
Domingo,17:00,18:00,D7873,True
Martes,18:00,19:00,D7873,True
Miércoles,18:00,19:00,D7873,True
Miércoles,12:00,13:00,D7873,True
Jueves,20:00,21:00,D7873,True
Jueves,10:00,11:00,D7873,True
Martes,20:00,21:00,D7873,True
Sabado,10:00,11:00,D7873,True
Jueves,08:00,09:00,D7873,True
Viernes,12:00,13:00,D7873,True
Sabado,11:00,12:00,D7873,True
Miércoles,16:00,17:00,D7873,True
Miércoles,11:00,12:00,D7873,True
Domingo,12:00,13:00,D2458,True
Lunes,08:00,09:00,D2458,True
Sabado,14:00,15:00,D2458,True
Martes,08:00,09:00,D2458,True
Martes,11:00,12:00,D2458,True
Lunes,19:00,20:00,D2458,True
Sabado,17:00,18:00,D2458,True
Miércoles,15:00,16:00,D2458,True
Miércoles,13:00,14:00,D2458,True
Martes,16:00,17:00,D2458,True
Lunes,11:00,12:00,D2458,True
Domingo,13:00,14:00,D2458,True
Jueves,11:00,12:00,D2458,True
Sabado,20:00,21:00,D2458,True
Jueves,15:00,16:00,D2458,True
Lunes,17:00,18:00,D2458,True
Domingo,20:00,21:00,D2458,True
Lunes,14:00,15:00,D2458,True
Sabado,10:00,11:00,D2458,True
Domingo,19:00,20:00,D2458,True
Sabado,19:00,20:00,D3321,True
Jueves,19:00,20:00,D3321,True
Viernes,13:00,14:00,D3321,True
Martes,14:00,15:00,D3321,True
Lunes,12:00,13:00,D3321,True
Lunes,08:00,09:00,D3321,True
Sabado,10:00,11:00,D3321,True
Martes,10:00,11:00,D3321,True
Sabado,18:00,19:00,D3321,True
Miércoles,08:00,09:00,D3321,True
Domingo,16:00,17:00,D3321,True
Miércoles,13:00,14:00,D3321,True
Lunes,15:00,16:00,D3321,True
Viernes,20:00,21:00,D3321,True
Lunes,17:00,18:00,D3321,True
Sabado,17:00,18:00,D3321,True
Jueves,11:00,12:00,D3321,True
Domingo,10:00,11:00,D3321,True
Miércoles,17:00,18:00,D3321,True
Jueves,15:00,16:00,D3321,True
Miércoles,20:00,21:00,D5543,True
Sabado,10:00,11:00,D5543,True
Domingo,09:00,10:00,D5543,True
Miércoles,17:00,18:00,D5543,True
Jueves,14:00,15:00,D5543,True
Jueves,09:00,10:00,D5543,True
Martes,10:00,11:00,D5543,True
Sabado,08:00,09:00,D5543,True
Lunes,11:00,12:00,D5543,True
Viernes,12:00,13:00,D5543,True
Lunes,19:00,20:00,D5543,True
Lunes,18:00,19:00,D5543,True
Lunes,12:00,13:00,D5543,True
Viernes,13:00,14:00,D5543,True
Miércoles,10:00,11:00,D5543,True
Jueves,15:00,16:00,D5543,True
Domingo,15:00,16:00,D5543,True
Sabado,09:00,10:00,D5543,True
Sabado,18:00,19:00,D5543,True
Sabado,14:00,15:00,D5543,True
Jueves,16:00,17:00,D1783,True
Miércoles,11:00,12:00,D1783,True
Martes,11:00,12:00,D1783,True
Miércoles,19:00,20:00,D1783,True
Domingo,17:00,18:00,D1783,True
Lunes,18:00,19:00,D1783,True
Jueves,15:00,16:00,D1783,True
Miércoles,14:00,15:00,D1783,True
Domingo,20:00,21:00,D1783,True
Sabado,20:00,21:00,D1783,True
Viernes,08:00,09:00,D1783,True
Viernes,10:00,11:00,D1783,True
Lunes,09:00,10:00,D1783,True
Miércoles,10:00,11:00,D1783,True
Martes,16:00,17:00,D1783,True
Lunes,20:00,21:00,D1783,True
Lunes,16:00,17:00,D1783,True
Lunes,11:00,12:00,D1783,True
Viernes,19:00,20:00,D1783,True
Sabado,16:00,17:00,D1783,True
Viernes,11:00,12:00,D1539,True
Martes,12:00,13:00,D1539,True
Jueves,18:00,19:00,D1539,True
Lunes,08:00,09:00,D1539,True
Sabado,14:00,15:00,D1539,True
Domingo,18:00,19:00,D1539,True
Lunes,13:00,14:00,D1539,True
Martes,13:00,14:00,D1539,True
Jueves,11:00,12:00,D1539,True
Lunes,12:00,13:00,D1539,True
Viernes,20:00,21:00,D1539,True
Viernes,08:00,09:00,D1539,True
Miércoles,08:00,09:00,D1539,True
Miércoles,19:00,20:00,D1539,True
Sabado,12:00,13:00,D1539,True
Viernes,10:00,11:00,D1539,True
Jueves,19:00,20:00,D1539,True
Domingo,16:00,17:00,D1539,True
Miércoles,14:00,15:00,D1539,True
Domingo,12:00,13:00,D1539,True
Lunes,13:00,14:00,D6670,True
Miércoles,14:00,15:00,D6670,True
Viernes,18:00,19:00,D6670,True
Jueves,17:00,18:00,D6670,True
Martes,10:00,11:00,D6670,True
Lunes,11:00,12:00,D6670,True
Viernes,16:00,17:00,D6670,True
Miércoles,20:00,21:00,D6670,True
Viernes,09:00,10:00,D6670,True
Sabado,17:00,18:00,D6670,True
Martes,20:00,21:00,D6670,True
Lunes,08:00,09:00,D6670,True
Sabado,11:00,12:00,D6670,True
Lunes,20:00,21:00,D6670,True
Miércoles,16:00,17:00,D6670,True
Jueves,12:00,13:00,D6670,True
Jueves,14:00,15:00,D6670,True
Viernes,14:00,15:00,D6670,True
Miércoles,12:00,13:00,D6670,True
Martes,16:00,17:00,D6670,True
Miércoles,11:00,12:00,D6814,True
Lunes,11:00,12:00,D6814,True
Miércoles,16:00,17:00,D6814,True
Jueves,15:00,16:00,D6814,True
Domingo,14:00,15:00,D6814,True
Jueves,09:00,10:00,D6814,True
Miércoles,15:00,16:00,D6814,True
Miércoles,08:00,09:00,D6814,True
Viernes,20:00,21:00,D6814,True
Sabado,14:00,15:00,D6814,True
Lunes,18:00,19:00,D6814,True
Domingo,19:00,20:00,D6814,True
Jueves,14:00,15:00,D6814,True
Domingo,12:00,13:00,D6814,True
Jueves,16:00,17:00,D6814,True
Lunes,08:00,09:00,D6814,True
Viernes,12:00,13:00,D6814,True
Miércoles,09:00,10:00,D6814,True
Sabado,19:00,20:00,D6814,True
Jueves,20:00,21:00,D6814,True
Martes,12:00,13:00,D1422,True
Sabado,09:00,10:00,D1422,True
Martes,20:00,21:00,D1422,True
Miércoles,12:00,13:00,D1422,True
Martes,13:00,14:00,D1422,True
Domingo,20:00,21:00,D1422,True
Miércoles,18:00,19:00,D1422,True
Martes,10:00,11:00,D1422,True
Martes,16:00,17:00,D1422,True
Sabado,14:00,15:00,D1422,True
Sabado,17:00,18:00,D1422,True
Lunes,09:00,10:00,D1422,True
Jueves,16:00,17:00,D1422,True
Domingo,17:00,18:00,D1422,True
Jueves,10:00,11:00,D1422,True
Domingo,10:00,11:00,D1422,True
Miércoles,11:00,12:00,D1422,True
Viernes,14:00,15:00,D1422,True
Jueves,18:00,19:00,D1422,True
Viernes,18:00,19:00,D1422,True
Lunes,09:00,10:00,D1580,True
Martes,17:00,18:00,D1580,True
Viernes,18:00,19:00,D1580,True
Martes,16:00,17:00,D1580,True
Viernes,08:00,09:00,D1580,True
Viernes,14:00,15:00,D1580,True
Sabado,08:00,09:00,D1580,True
Viernes,13:00,14:00,D1580,True
Miércoles,13:00,14:00,D1580,True
Martes,14:00,15:00,D1580,True
Lunes,14:00,15:00,D1580,True
Lunes,18:00,19:00,D1580,True
Jueves,12:00,13:00,D1580,True
Martes,09:00,10:00,D1580,True
Martes,11:00,12:00,D1580,True
Lunes,13:00,14:00,D1580,True
Martes,20:00,21:00,D1580,True
Viernes,11:00,12:00,D1580,True
Miércoles,12:00,13:00,D1580,True
Miércoles,08:00,09:00,D1580,True
Lunes,13:00,14:00,D1387,True
Miércoles,10:00,11:00,D1387,True
Miércoles,12:00,13:00,D1387,True
Sabado,13:00,14:00,D1387,True
Martes,09:00,10:00,D1387,True
Viernes,09:00,10:00,D1387,True
Jueves,12:00,13:00,D1387,True
Lunes,09:00,10:00,D1387,True
Sabado,20:00,21:00,D1387,True
Sabado,16:00,17:00,D1387,True
Martes,17:00,18:00,D1387,True
Martes,16:00,17:00,D1387,True
Viernes,15:00,16:00,D1387,True
Sabado,12:00,13:00,D1387,True
Miércoles,20:00,21:00,D1387,True
Sabado,19:00,20:00,D1387,True
Viernes,13:00,14:00,D1387,True
Lunes,14:00,15:00,D1387,True
Domingo,10:00,11:00,D1387,True
Jueves,18:00,19:00,D1387,True
Martes,08:00,09:00,D3453,True
Jueves,20:00,21:00,D3453,True
Domingo,11:00,12:00,D3453,True
Viernes,20:00,21:00,D3453,True
Jueves,11:00,12:00,D3453,True
Domingo,20:00,21:00,D3453,True
Sabado,16:00,17:00,D3453,True
Miércoles,13:00,14:00,D3453,True
Viernes,13:00,14:00,D3453,True
Sabado,09:00,10:00,D3453,True
Miércoles,10:00,11:00,D3453,True
Sabado,11:00,12:00,D3453,True
Jueves,13:00,14:00,D3453,True
Miércoles,16:00,17:00,D3453,True
Domingo,15:00,16:00,D3453,True
Jueves,09:00,10:00,D3453,True
Domingo,10:00,11:00,D3453,True
Lunes,13:00,14:00,D3453,True
Miércoles,14:00,15:00,D3453,True
Lunes,08:00,09:00,D3453,True
Jueves,19:00,20:00,D2092,True
Miércoles,12:00,13:00,D2092,True
Sabado,12:00,13:00,D2092,True
Viernes,18:00,19:00,D2092,True
Martes,15:00,16:00,D2092,True
Miércoles,18:00,19:00,D2092,True
Martes,16:00,17:00,D2092,True
Martes,14:00,15:00,D2092,True
Jueves,09:00,10:00,D2092,True
Jueves,16:00,17:00,D2092,True
Viernes,12:00,13:00,D2092,True
Miércoles,16:00,17:00,D2092,True
Lunes,16:00,17:00,D2092,True
Jueves,10:00,11:00,D2092,True
Jueves,20:00,21:00,D2092,True
Viernes,13:00,14:00,D2092,True
Viernes,16:00,17:00,D2092,True
Sabado,11:00,12:00,D2092,True
Viernes,09:00,10:00,D2092,True
Sabado,19:00,20:00,D2092,True
Martes,17:00,18:00,D7643,True
Viernes,18:00,19:00,D7643,True
Sabado,10:00,11:00,D7643,True
Jueves,18:00,19:00,D7643,True
Domingo,08:00,09:00,D7643,True
Jueves,13:00,14:00,D7643,True
Martes,16:00,17:00,D7643,True
Sabado,18:00,19:00,D7643,True
Lunes,11:00,12:00,D7643,True
Viernes,15:00,16:00,D7643,True
Martes,09:00,10:00,D7643,True
Miércoles,08:00,09:00,D7643,True
Domingo,18:00,19:00,D7643,True
Jueves,09:00,10:00,D7643,True
Sabado,13:00,14:00,D7643,True
Domingo,12:00,13:00,D7643,True
Lunes,19:00,20:00,D7643,True
Jueves,20:00,21:00,D7643,True
Domingo,13:00,14:00,D7643,True
Jueves,10:00,11:00,D7643,True
Martes,10:00,11:00,D4435,True
Jueves,14:00,15:00,D4435,True
Domingo,19:00,20:00,D4435,True
Jueves,09:00,10:00,D4435,True
Jueves,15:00,16:00,D4435,True
Viernes,08:00,09:00,D4435,True
Martes,19:00,20:00,D4435,True
Jueves,12:00,13:00,D4435,True
Sabado,12:00,13:00,D4435,True
Miércoles,10:00,11:00,D4435,True
Jueves,18:00,19:00,D4435,True
Sabado,15:00,16:00,D4435,True
Martes,15:00,16:00,D4435,True
Jueves,16:00,17:00,D4435,True
Miércoles,09:00,10:00,D4435,True
Martes,12:00,13:00,D4435,True
Miércoles,20:00,21:00,D4435,True
Viernes,20:00,21:00,D4435,True
Martes,11:00,12:00,D4435,True
Miércoles,12:00,13:00,D4435,True
Viernes,09:00,10:00,D3357,True
Sabado,11:00,12:00,D3357,True
Lunes,17:00,18:00,D3357,True
Viernes,19:00,20:00,D3357,True
Jueves,08:00,09:00,D3357,True
Martes,12:00,13:00,D3357,True
Sabado,13:00,14:00,D3357,True
Domingo,19:00,20:00,D3357,True
Sabado,12:00,13:00,D3357,True
Domingo,20:00,21:00,D3357,True
Lunes,19:00,20:00,D3357,True
Miércoles,15:00,16:00,D3357,True
Sabado,17:00,18:00,D3357,True
Viernes,15:00,16:00,D3357,True
Jueves,15:00,16:00,D3357,True
Domingo,10:00,11:00,D3357,True
Miércoles,18:00,19:00,D3357,True
Jueves,12:00,13:00,D3357,True
Domingo,14:00,15:00,D3357,True
Miércoles,16:00,17:00,D3357,True
Jueves,20:00,21:00,D4236,True
Miércoles,12:00,13:00,D4236,True
Domingo,13:00,14:00,D4236,True
Miércoles,13:00,14:00,D4236,True
Jueves,18:00,19:00,D4236,True
Sabado,12:00,13:00,D4236,True
Domingo,17:00,18:00,D4236,True
Miércoles,11:00,12:00,D4236,True
Sabado,20:00,21:00,D4236,True
Viernes,09:00,10:00,D4236,True
Lunes,16:00,17:00,D4236,True
Lunes,14:00,15:00,D4236,True
Viernes,17:00,18:00,D4236,True
Lunes,13:00,14:00,D4236,True
Domingo,20:00,21:00,D4236,True
Sabado,13:00,14:00,D4236,True
Jueves,13:00,14:00,D4236,True
Domingo,12:00,13:00,D4236,True
Jueves,09:00,10:00,D4236,True
Miércoles,19:00,20:00,D4236,True
Miércoles,20:00,21:00,D6345,True
Miércoles,11:00,12:00,D6345,True
Martes,12:00,13:00,D6345,True
Domingo,08:00,09:00,D6345,True
Sabado,20:00,21:00,D6345,True
Viernes,16:00,17:00,D6345,True
Sabado,11:00,12:00,D6345,True
Martes,10:00,11:00,D6345,True
Domingo,09:00,10:00,D6345,True
Martes,17:00,18:00,D6345,True
Lunes,20:00,21:00,D6345,True
Miércoles,14:00,15:00,D6345,True
Sabado,14:00,15:00,D6345,True
Jueves,14:00,15:00,D6345,True
Lunes,17:00,18:00,D6345,True
Martes,19:00,20:00,D6345,True
Jueves,20:00,21:00,D6345,True
Miércoles,08:00,09:00,D6345,True
Sabado,10:00,11:00,D6345,True
Viernes,08:00,09:00,D6345,True
Jueves,17:00,18:00,D1696,True
Miércoles,17:00,18:00,D1696,True
Lunes,14:00,15:00,D1696,True
Sabado,10:00,11:00,D1696,True
Martes,18:00,19:00,D1696,True
Sabado,08:00,09:00,D1696,True
Domingo,18:00,19:00,D1696,True
Domingo,09:00,10:00,D1696,True
Martes,19:00,20:00,D1696,True
Lunes,15:00,16:00,D1696,True
Martes,15:00,16:00,D1696,True
Sabado,09:00,10:00,D1696,True
Jueves,08:00,09:00,D1696,True
Domingo,16:00,17:00,D1696,True
Domingo,11:00,12:00,D1696,True
Martes,14:00,15:00,D1696,True
Sabado,18:00,19:00,D1696,True
Domingo,10:00,11:00,D1696,True
Domingo,19:00,20:00,D1696,True
Viernes,19:00,20:00,D1696,True
Martes,14:00,15:00,D3244,True
Miércoles,19:00,20:00,D3244,True
Sabado,16:00,17:00,D3244,True
Martes,08:00,09:00,D3244,True
Martes,18:00,19:00,D3244,True
Lunes,14:00,15:00,D3244,True
Miércoles,09:00,10:00,D3244,True
Domingo,12:00,13:00,D3244,True
Sabado,09:00,10:00,D3244,True
Viernes,11:00,12:00,D3244,True
Lunes,08:00,09:00,D3244,True
Jueves,08:00,09:00,D3244,True
Martes,10:00,11:00,D3244,True
Lunes,13:00,14:00,D3244,True
Domingo,17:00,18:00,D3244,True
Martes,09:00,10:00,D3244,True
Lunes,18:00,19:00,D3244,True
Miércoles,12:00,13:00,D3244,True
Lunes,15:00,16:00,D3244,True
Lunes,17:00,18:00,D3244,True
Jueves,17:00,18:00,D8090,True
Domingo,16:00,17:00,D8090,True
Jueves,14:00,15:00,D8090,True
Viernes,17:00,18:00,D8090,True
Domingo,15:00,16:00,D8090,True
Martes,08:00,09:00,D8090,True
Martes,20:00,21:00,D8090,True
Miércoles,14:00,15:00,D8090,True
Domingo,19:00,20:00,D8090,True
Lunes,14:00,15:00,D8090,True
Jueves,13:00,14:00,D8090,True
Sabado,20:00,21:00,D8090,True
Martes,09:00,10:00,D8090,True
Miércoles,17:00,18:00,D8090,True
Sabado,10:00,11:00,D8090,True
Jueves,20:00,21:00,D8090,True
Viernes,20:00,21:00,D8090,True
Domingo,12:00,13:00,D8090,True
Domingo,18:00,19:00,D8090,True
Domingo,20:00,21:00,D8090,True
Domingo,17:00,18:00,D5267,True
Viernes,16:00,17:00,D5267,True
Miércoles,16:00,17:00,D5267,True
Sabado,11:00,12:00,D5267,True
Jueves,15:00,16:00,D5267,True
Sabado,17:00,18:00,D5267,True
Sabado,12:00,13:00,D5267,True
Domingo,10:00,11:00,D5267,True
Jueves,10:00,11:00,D5267,True
Martes,09:00,10:00,D5267,True
Viernes,13:00,14:00,D5267,True
Viernes,11:00,12:00,D5267,True
Jueves,19:00,20:00,D5267,True
Miércoles,13:00,14:00,D5267,True
Lunes,17:00,18:00,D5267,True
Martes,15:00,16:00,D5267,True
Domingo,11:00,12:00,D5267,True
Miércoles,10:00,11:00,D5267,True
Jueves,12:00,13:00,D5267,True
Jueves,13:00,14:00,D5267,True
Viernes,10:00,11:00,D1273,True
Jueves,10:00,11:00,D1273,True
Viernes,13:00,14:00,D1273,True
Miércoles,14:00,15:00,D1273,True
Viernes,17:00,18:00,D1273,True
Sabado,19:00,20:00,D1273,True
Viernes,08:00,09:00,D1273,True
Martes,12:00,13:00,D1273,True
Domingo,16:00,17:00,D1273,True
Viernes,11:00,12:00,D1273,True
Martes,16:00,17:00,D1273,True
Domingo,20:00,21:00,D1273,True
Sabado,16:00,17:00,D1273,True
Viernes,16:00,17:00,D1273,True
Jueves,09:00,10:00,D1273,True
Sabado,17:00,18:00,D1273,True
Viernes,19:00,20:00,D1273,True
Domingo,10:00,11:00,D1273,True
Martes,10:00,11:00,D1273,True
Domingo,13:00,14:00,D1273,True
Domingo,11:00,12:00,D7157,True
Sabado,15:00,16:00,D7157,True
Domingo,17:00,18:00,D7157,True
Jueves,12:00,13:00,D7157,True
Domingo,13:00,14:00,D7157,True
Viernes,08:00,09:00,D7157,True
Domingo,15:00,16:00,D7157,True
Martes,08:00,09:00,D7157,True
Martes,17:00,18:00,D7157,True
Miércoles,14:00,15:00,D7157,True
Miércoles,11:00,12:00,D7157,True
Sabado,20:00,21:00,D7157,True
Domingo,16:00,17:00,D7157,True
Domingo,09:00,10:00,D7157,True
Martes,16:00,17:00,D7157,True
Viernes,15:00,16:00,D7157,True
Jueves,17:00,18:00,D7157,True
Miércoles,18:00,19:00,D7157,True
Jueves,09:00,10:00,D7157,True
Lunes,17:00,18:00,D7157,True
Domingo,14:00,15:00,D6647,True
Viernes,09:00,10:00,D6647,True
Viernes,18:00,19:00,D6647,True
Jueves,16:00,17:00,D6647,True
Martes,13:00,14:00,D6647,True
Viernes,19:00,20:00,D6647,True
Martes,18:00,19:00,D6647,True
Viernes,10:00,11:00,D6647,True
Lunes,08:00,09:00,D6647,True
Domingo,15:00,16:00,D6647,True
Miércoles,17:00,18:00,D6647,True
Jueves,14:00,15:00,D6647,True
Viernes,11:00,12:00,D6647,True
Jueves,18:00,19:00,D6647,True
Lunes,12:00,13:00,D6647,True
Sabado,12:00,13:00,D6647,True
Jueves,13:00,14:00,D6647,True
Viernes,17:00,18:00,D6647,True
Lunes,20:00,21:00,D6647,True
Miércoles,14:00,15:00,D6647,True
Domingo,15:00,16:00,D6121,True
Jueves,12:00,13:00,D6121,True
Miércoles,14:00,15:00,D6121,True
Martes,17:00,18:00,D6121,True
Domingo,18:00,19:00,D6121,True
Lunes,19:00,20:00,D6121,True
Martes,15:00,16:00,D6121,True
Jueves,16:00,17:00,D6121,True
Viernes,18:00,19:00,D6121,True
Domingo,10:00,11:00,D6121,True
Miércoles,18:00,19:00,D6121,True
Jueves,17:00,18:00,D6121,True
Martes,14:00,15:00,D6121,True
Jueves,15:00,16:00,D6121,True
Viernes,08:00,09:00,D6121,True
Miércoles,08:00,09:00,D6121,True
Sabado,12:00,13:00,D6121,True
Viernes,10:00,11:00,D6121,True
Martes,11:00,12:00,D6121,True
Lunes,11:00,12:00,D6121,True
Domingo,12:00,13:00,D8027,True
Viernes,15:00,16:00,D8027,True
Viernes,14:00,15:00,D8027,True
Martes,19:00,20:00,D8027,True
Martes,08:00,09:00,D8027,True
Sabado,19:00,20:00,D8027,True
Viernes,10:00,11:00,D8027,True
Domingo,09:00,10:00,D8027,True
Lunes,19:00,20:00,D8027,True
Sabado,13:00,14:00,D8027,True
Jueves,14:00,15:00,D8027,True
Lunes,08:00,09:00,D8027,True
Domingo,14:00,15:00,D8027,True
Domingo,15:00,16:00,D8027,True
Lunes,09:00,10:00,D8027,True
Miércoles,13:00,14:00,D8027,True
Martes,17:00,18:00,D8027,True
Viernes,20:00,21:00,D8027,True
Martes,11:00,12:00,D8027,True
Sabado,09:00,10:00,D8027,True
Martes,16:00,17:00,D5387,True
Lunes,15:00,16:00,D5387,True
Miércoles,16:00,17:00,D5387,True
Lunes,18:00,19:00,D5387,True
Domingo,14:00,15:00,D5387,True
Miércoles,17:00,18:00,D5387,True
Martes,15:00,16:00,D5387,True
Martes,09:00,10:00,D5387,True
Domingo,15:00,16:00,D5387,True
Domingo,17:00,18:00,D5387,True
Jueves,14:00,15:00,D5387,True
Sabado,12:00,13:00,D5387,True
Domingo,20:00,21:00,D5387,True
Jueves,12:00,13:00,D5387,True
Sabado,09:00,10:00,D5387,True
Martes,13:00,14:00,D5387,True
Jueves,08:00,09:00,D5387,True
Martes,12:00,13:00,D5387,True
Sabado,15:00,16:00,D5387,True
Martes,18:00,19:00,D5387,True
Viernes,19:00,20:00,D9193,True
Lunes,11:00,12:00,D9193,True
Lunes,12:00,13:00,D9193,True
Domingo,16:00,17:00,D9193,True
Miércoles,16:00,17:00,D9193,True
Sabado,10:00,11:00,D9193,True
Martes,13:00,14:00,D9193,True
Lunes,10:00,11:00,D9193,True
Martes,14:00,15:00,D9193,True
Sabado,09:00,10:00,D9193,True
Sabado,19:00,20:00,D9193,True
Domingo,09:00,10:00,D9193,True
Lunes,14:00,15:00,D9193,True
Jueves,14:00,15:00,D9193,True
Jueves,13:00,14:00,D9193,True
Martes,18:00,19:00,D9193,True
Martes,09:00,10:00,D9193,True
Viernes,09:00,10:00,D9193,True
Jueves,12:00,13:00,D9193,True
Lunes,09:00,10:00,D9193,True
Jueves,11:00,12:00,D1414,True
Jueves,19:00,20:00,D1414,True
Martes,11:00,12:00,D1414,True
Martes,12:00,13:00,D1414,True
Martes,15:00,16:00,D1414,True
Jueves,14:00,15:00,D1414,True
Lunes,13:00,14:00,D1414,True
Domingo,17:00,18:00,D1414,True
Domingo,08:00,09:00,D1414,True
Miércoles,15:00,16:00,D1414,True
Martes,19:00,20:00,D1414,True
Viernes,16:00,17:00,D1414,True
Jueves,13:00,14:00,D1414,True
Domingo,16:00,17:00,D1414,True
Jueves,09:00,10:00,D1414,True
Miércoles,17:00,18:00,D1414,True
Domingo,15:00,16:00,D1414,True
Sabado,14:00,15:00,D1414,True
Domingo,12:00,13:00,D1414,True
Domingo,09:00,10:00,D1414,True
Martes,16:00,17:00,D5266,True
Jueves,19:00,20:00,D5266,True
Domingo,08:00,09:00,D5266,True
Lunes,08:00,09:00,D5266,True
Lunes,13:00,14:00,D5266,True
Jueves,16:00,17:00,D5266,True
Martes,10:00,11:00,D5266,True
Jueves,13:00,14:00,D5266,True
Sabado,17:00,18:00,D5266,True
Viernes,08:00,09:00,D5266,True
Sabado,16:00,17:00,D5266,True
Viernes,18:00,19:00,D5266,True
Domingo,14:00,15:00,D5266,True
Martes,20:00,21:00,D5266,True
Domingo,13:00,14:00,D5266,True
Sabado,13:00,14:00,D5266,True
Lunes,11:00,12:00,D5266,True
Martes,17:00,18:00,D5266,True
Martes,15:00,16:00,D5266,True
Sabado,15:00,16:00,D5266,True
Martes,13:00,14:00,D7616,True
Viernes,16:00,17:00,D7616,True
Lunes,15:00,16:00,D7616,True
Lunes,16:00,17:00,D7616,True
Jueves,20:00,21:00,D7616,True
Jueves,13:00,14:00,D7616,True
Martes,17:00,18:00,D7616,True
Jueves,15:00,16:00,D7616,True
Domingo,12:00,13:00,D7616,True
Sabado,18:00,19:00,D7616,True
Miércoles,15:00,16:00,D7616,True
Domingo,17:00,18:00,D7616,True
Viernes,15:00,16:00,D7616,True
Viernes,09:00,10:00,D7616,True
Sabado,20:00,21:00,D7616,True
Miércoles,20:00,21:00,D7616,True
Martes,14:00,15:00,D7616,True
Sabado,19:00,20:00,D7616,True
Martes,19:00,20:00,D7616,True
Jueves,12:00,13:00,D7616,True
Domingo,10:00,11:00,D2774,True
Martes,08:00,09:00,D2774,True
Lunes,16:00,17:00,D2774,True
Sabado,17:00,18:00,D2774,True
Sabado,20:00,21:00,D2774,True
Sabado,16:00,17:00,D2774,True
Jueves,16:00,17:00,D2774,True
Lunes,15:00,16:00,D2774,True
Lunes,08:00,09:00,D2774,True
Miércoles,12:00,13:00,D2774,True
Domingo,16:00,17:00,D2774,True
Jueves,20:00,21:00,D2774,True
Martes,20:00,21:00,D2774,True
Sabado,09:00,10:00,D2774,True
Martes,16:00,17:00,D2774,True
Lunes,10:00,11:00,D2774,True
Jueves,19:00,20:00,D2774,True
Sabado,08:00,09:00,D2774,True
Lunes,19:00,20:00,D2774,True
Miércoles,20:00,21:00,D2774,True
Sabado,18:00,19:00,D1276,True
Domingo,18:00,19:00,D1276,True
Domingo,08:00,09:00,D1276,True
Lunes,16:00,17:00,D1276,True
Lunes,20:00,21:00,D1276,True
Sabado,11:00,12:00,D1276,True
Martes,08:00,09:00,D1276,True
Jueves,16:00,17:00,D1276,True
Miércoles,14:00,15:00,D1276,True
Viernes,13:00,14:00,D1276,True
Domingo,10:00,11:00,D1276,True
Jueves,10:00,11:00,D1276,True
Martes,20:00,21:00,D1276,True
Domingo,12:00,13:00,D1276,True
Domingo,15:00,16:00,D1276,True
Lunes,11:00,12:00,D1276,True
Viernes,12:00,13:00,D1276,True
Martes,16:00,17:00,D1276,True
Miércoles,18:00,19:00,D1276,True
Lunes,08:00,09:00,D1276,True
Miércoles,13:00,14:00,D1713,True
Viernes,08:00,09:00,D1713,True
Domingo,08:00,09:00,D1713,True
Martes,13:00,14:00,D1713,True
Jueves,14:00,15:00,D1713,True
Domingo,19:00,20:00,D1713,True
Miércoles,09:00,10:00,D1713,True
Sabado,10:00,11:00,D1713,True
Viernes,17:00,18:00,D1713,True
Miércoles,19:00,20:00,D1713,True
Domingo,17:00,18:00,D1713,True
Domingo,12:00,13:00,D1713,True
Martes,19:00,20:00,D1713,True
Viernes,09:00,10:00,D1713,True
Lunes,14:00,15:00,D1713,True
Jueves,15:00,16:00,D1713,True
Domingo,14:00,15:00,D1713,True
Martes,18:00,19:00,D1713,True
Viernes,11:00,12:00,D1713,True
Miércoles,10:00,11:00,D1713,True
Jueves,12:00,13:00,D1339,True
Domingo,11:00,12:00,D1339,True
Jueves,14:00,15:00,D1339,True
Lunes,16:00,17:00,D1339,True
Sabado,17:00,18:00,D1339,True
Sabado,12:00,13:00,D1339,True
Domingo,10:00,11:00,D1339,True
Martes,20:00,21:00,D1339,True
Sabado,19:00,20:00,D1339,True
Sabado,14:00,15:00,D1339,True
Jueves,17:00,18:00,D1339,True
Lunes,15:00,16:00,D1339,True
Martes,13:00,14:00,D1339,True
Domingo,13:00,14:00,D1339,True
Miércoles,17:00,18:00,D1339,True
Martes,15:00,16:00,D1339,True
Sabado,10:00,11:00,D1339,True
Martes,14:00,15:00,D1339,True
Viernes,14:00,15:00,D1339,True
Sabado,13:00,14:00,D1339,True
Jueves,17:00,18:00,D5740,True
Sabado,16:00,17:00,D5740,True
Lunes,20:00,21:00,D5740,True
Domingo,18:00,19:00,D5740,True
Sabado,14:00,15:00,D5740,True
Miércoles,14:00,15:00,D5740,True
Miércoles,19:00,20:00,D5740,True
Sabado,20:00,21:00,D5740,True
Lunes,16:00,17:00,D5740,True
Sabado,09:00,10:00,D5740,True
Domingo,19:00,20:00,D5740,True
Martes,17:00,18:00,D5740,True
Martes,14:00,15:00,D5740,True
Viernes,10:00,11:00,D5740,True
Viernes,14:00,15:00,D5740,True
Miércoles,18:00,19:00,D5740,True
Jueves,13:00,14:00,D5740,True
Lunes,15:00,16:00,D5740,True
Miércoles,17:00,18:00,D5740,True
Miércoles,11:00,12:00,D5740,True
Lunes,16:00,17:00,D4399,True
Domingo,16:00,17:00,D4399,True
Jueves,12:00,13:00,D4399,True
Lunes,08:00,09:00,D4399,True
Viernes,08:00,09:00,D4399,True
Lunes,09:00,10:00,D4399,True
Miércoles,13:00,14:00,D4399,True
Domingo,20:00,21:00,D4399,True
Jueves,13:00,14:00,D4399,True
Jueves,14:00,15:00,D4399,True
Martes,08:00,09:00,D4399,True
Sabado,08:00,09:00,D4399,True
Jueves,10:00,11:00,D4399,True
Lunes,15:00,16:00,D4399,True
Domingo,19:00,20:00,D4399,True
Jueves,17:00,18:00,D4399,True
Domingo,09:00,10:00,D4399,True
Sabado,17:00,18:00,D4399,True
Martes,18:00,19:00,D4399,True
Miércoles,16:00,17:00,D4399,True
Jueves,19:00,20:00,D1305,True
Miércoles,19:00,20:00,D1305,True
Sabado,18:00,19:00,D1305,True
Martes,10:00,11:00,D1305,True
Lunes,16:00,17:00,D1305,True
Jueves,13:00,14:00,D1305,True
Domingo,14:00,15:00,D1305,True
Lunes,11:00,12:00,D1305,True
Domingo,09:00,10:00,D1305,True
Viernes,09:00,10:00,D1305,True
Lunes,12:00,13:00,D1305,True
Viernes,17:00,18:00,D1305,True
Domingo,15:00,16:00,D1305,True
Miércoles,16:00,17:00,D1305,True
Sabado,19:00,20:00,D1305,True
Jueves,16:00,17:00,D1305,True
Domingo,08:00,09:00,D1305,True
Martes,16:00,17:00,D1305,True
Lunes,13:00,14:00,D1305,True
Lunes,10:00,11:00,D1305,True
Martes,16:00,17:00,D5879,True
Miércoles,11:00,12:00,D5879,True
Jueves,13:00,14:00,D5879,True
Sabado,18:00,19:00,D5879,True
Jueves,18:00,19:00,D5879,True
Martes,09:00,10:00,D5879,True
Miércoles,09:00,10:00,D5879,True
Sabado,15:00,16:00,D5879,True
Lunes,08:00,09:00,D5879,True
Lunes,17:00,18:00,D5879,True
Jueves,15:00,16:00,D5879,True
Sabado,08:00,09:00,D5879,True
Jueves,11:00,12:00,D5879,True
Sabado,20:00,21:00,D5879,True
Jueves,17:00,18:00,D5879,True
Jueves,16:00,17:00,D5879,True
Domingo,10:00,11:00,D5879,True
Domingo,14:00,15:00,D5879,True
Domingo,08:00,09:00,D5879,True
Martes,18:00,19:00,D5879,True
Lunes,12:00,13:00,D4197,True
Miércoles,09:00,10:00,D4197,True
Sabado,20:00,21:00,D4197,True
Jueves,16:00,17:00,D4197,True
Martes,20:00,21:00,D4197,True
Jueves,14:00,15:00,D4197,True
Miércoles,12:00,13:00,D4197,True
Jueves,19:00,20:00,D4197,True
Jueves,13:00,14:00,D4197,True
Jueves,10:00,11:00,D4197,True
Martes,11:00,12:00,D4197,True
Martes,08:00,09:00,D4197,True
Domingo,12:00,13:00,D4197,True
Viernes,20:00,21:00,D4197,True
Martes,19:00,20:00,D4197,True
Viernes,11:00,12:00,D4197,True
Domingo,11:00,12:00,D4197,True
Domingo,20:00,21:00,D4197,True
Lunes,20:00,21:00,D4197,True
Viernes,10:00,11:00,D4197,True
Viernes,14:00,15:00,D5890,True
Domingo,09:00,10:00,D5890,True
Martes,15:00,16:00,D5890,True
Jueves,08:00,09:00,D5890,True
Viernes,10:00,11:00,D5890,True
Jueves,19:00,20:00,D5890,True
Viernes,09:00,10:00,D5890,True
Domingo,13:00,14:00,D5890,True
Lunes,10:00,11:00,D5890,True
Miércoles,13:00,14:00,D5890,True
Viernes,19:00,20:00,D5890,True
Sabado,15:00,16:00,D5890,True
Domingo,17:00,18:00,D5890,True
Domingo,14:00,15:00,D5890,True
Sabado,10:00,11:00,D5890,True
Sabado,12:00,13:00,D5890,True
Sabado,18:00,19:00,D5890,True
Jueves,10:00,11:00,D5890,True
Miércoles,19:00,20:00,D5890,True
Lunes,08:00,09:00,D5890,True
Jueves,16:00,17:00,D2432,True
Viernes,14:00,15:00,D2432,True
Martes,10:00,11:00,D2432,True
Martes,12:00,13:00,D2432,True
Lunes,19:00,20:00,D2432,True
Viernes,10:00,11:00,D2432,True
Miércoles,14:00,15:00,D2432,True
Domingo,20:00,21:00,D2432,True
Lunes,14:00,15:00,D2432,True
Domingo,10:00,11:00,D2432,True
Sabado,09:00,10:00,D2432,True
Lunes,18:00,19:00,D2432,True
Miércoles,13:00,14:00,D2432,True
Martes,18:00,19:00,D2432,True
Sabado,13:00,14:00,D2432,True
Lunes,15:00,16:00,D2432,True
Miércoles,19:00,20:00,D2432,True
Martes,14:00,15:00,D2432,True
Miércoles,18:00,19:00,D2432,True
Domingo,16:00,17:00,D2432,True
Domingo,12:00,13:00,D1851,True
Miércoles,08:00,09:00,D1851,True
Jueves,14:00,15:00,D1851,True
Miércoles,12:00,13:00,D1851,True
Viernes,16:00,17:00,D1851,True
Sabado,15:00,16:00,D1851,True
Viernes,09:00,10:00,D1851,True
Jueves,12:00,13:00,D1851,True
Lunes,08:00,09:00,D1851,True
Sabado,09:00,10:00,D1851,True
Jueves,11:00,12:00,D1851,True
Domingo,08:00,09:00,D1851,True
Viernes,17:00,18:00,D1851,True
Domingo,10:00,11:00,D1851,True
Viernes,11:00,12:00,D1851,True
Viernes,18:00,19:00,D1851,True
Martes,09:00,10:00,D1851,True
Lunes,19:00,20:00,D1851,True
Viernes,10:00,11:00,D1851,True
Jueves,16:00,17:00,D1851,True
Domingo,18:00,19:00,D3704,True
Viernes,19:00,20:00,D3704,True
Martes,17:00,18:00,D3704,True
Jueves,15:00,16:00,D3704,True
Miércoles,20:00,21:00,D3704,True
Viernes,09:00,10:00,D3704,True
Lunes,10:00,11:00,D3704,True
Miércoles,12:00,13:00,D3704,True
Domingo,17:00,18:00,D3704,True
Viernes,11:00,12:00,D3704,True
Viernes,18:00,19:00,D3704,True
Miércoles,19:00,20:00,D3704,True
Lunes,20:00,21:00,D3704,True
Sabado,12:00,13:00,D3704,True
Domingo,12:00,13:00,D3704,True
Jueves,17:00,18:00,D3704,True
Miércoles,08:00,09:00,D3704,True
Lunes,18:00,19:00,D3704,True
Domingo,15:00,16:00,D3704,True
Sabado,19:00,20:00,D3704,True
Miércoles,09:00,10:00,D6029,True
Viernes,20:00,21:00,D6029,True
Martes,12:00,13:00,D6029,True
Martes,11:00,12:00,D6029,True
Sabado,16:00,17:00,D6029,True
Domingo,18:00,19:00,D6029,True
Jueves,18:00,19:00,D6029,True
Lunes,12:00,13:00,D6029,True
Domingo,08:00,09:00,D6029,True
Martes,19:00,20:00,D6029,True
Lunes,08:00,09:00,D6029,True
Domingo,17:00,18:00,D6029,True
Domingo,13:00,14:00,D6029,True
Sabado,11:00,12:00,D6029,True
Domingo,10:00,11:00,D6029,True
Viernes,16:00,17:00,D6029,True
Lunes,17:00,18:00,D6029,True
Martes,10:00,11:00,D6029,True
Lunes,19:00,20:00,D6029,True
Lunes,16:00,17:00,D6029,True
Jueves,17:00,18:00,D7690,True
Sabado,18:00,19:00,D7690,True
Viernes,08:00,09:00,D7690,True
Lunes,08:00,09:00,D7690,True
Viernes,14:00,15:00,D7690,True
Sabado,12:00,13:00,D7690,True
Lunes,15:00,16:00,D7690,True
Domingo,19:00,20:00,D7690,True
Miércoles,15:00,16:00,D7690,True
Domingo,12:00,13:00,D7690,True
Viernes,11:00,12:00,D7690,True
Lunes,11:00,12:00,D7690,True
Martes,13:00,14:00,D7690,True
Viernes,15:00,16:00,D7690,True
Domingo,16:00,17:00,D7690,True
Jueves,19:00,20:00,D7690,True
Miércoles,14:00,15:00,D7690,True
Domingo,13:00,14:00,D7690,True
Lunes,20:00,21:00,D7690,True
Martes,09:00,10:00,D7690,True
Lunes,10:00,11:00,D9567,True
Lunes,15:00,16:00,D9567,True
Jueves,20:00,21:00,D9567,True
Lunes,09:00,10:00,D9567,True
Domingo,16:00,17:00,D9567,True
Martes,16:00,17:00,D9567,True
Sabado,13:00,14:00,D9567,True
Miércoles,11:00,12:00,D9567,True
Miércoles,16:00,17:00,D9567,True
Viernes,11:00,12:00,D9567,True
Domingo,14:00,15:00,D9567,True
Lunes,13:00,14:00,D9567,True
Sabado,17:00,18:00,D9567,True
Domingo,18:00,19:00,D9567,True
Jueves,16:00,17:00,D9567,True
Sabado,10:00,11:00,D9567,True
Viernes,09:00,10:00,D9567,True
Viernes,18:00,19:00,D9567,True
Jueves,17:00,18:00,D9567,True
Viernes,19:00,20:00,D9567,True
Sabado,14:00,15:00,D2963,True
Domingo,08:00,09:00,D2963,True
Miércoles,11:00,12:00,D2963,True
Lunes,10:00,11:00,D2963,True
Jueves,16:00,17:00,D2963,True
Miércoles,17:00,18:00,D2963,True
Viernes,17:00,18:00,D2963,True
Domingo,09:00,10:00,D2963,True
Martes,14:00,15:00,D2963,True
Miércoles,14:00,15:00,D2963,True
Jueves,13:00,14:00,D2963,True
Martes,16:00,17:00,D2963,True
Jueves,15:00,16:00,D2963,True
Domingo,16:00,17:00,D2963,True
Martes,20:00,21:00,D2963,True
Miércoles,13:00,14:00,D2963,True
Sabado,17:00,18:00,D2963,True
Sabado,12:00,13:00,D2963,True
Jueves,20:00,21:00,D2963,True
Lunes,13:00,14:00,D2963,True
Lunes,10:00,11:00,D5117,True
Lunes,08:00,09:00,D5117,True
Sabado,15:00,16:00,D5117,True
Lunes,16:00,17:00,D5117,True
Sabado,08:00,09:00,D5117,True
Miércoles,15:00,16:00,D5117,True
Lunes,19:00,20:00,D5117,True
Viernes,17:00,18:00,D5117,True
Jueves,09:00,10:00,D5117,True
Martes,08:00,09:00,D5117,True
Viernes,15:00,16:00,D5117,True
Martes,12:00,13:00,D5117,True
Lunes,17:00,18:00,D5117,True
Jueves,14:00,15:00,D5117,True
Miércoles,13:00,14:00,D5117,True
Miércoles,08:00,09:00,D5117,True
Miércoles,12:00,13:00,D5117,True
Jueves,18:00,19:00,D5117,True
Domingo,10:00,11:00,D5117,True
Viernes,10:00,11:00,D5117,True
Lunes,18:00,19:00,D3318,True
Lunes,16:00,17:00,D3318,True
Jueves,11:00,12:00,D3318,True
Martes,11:00,12:00,D3318,True
Miércoles,08:00,09:00,D3318,True
Domingo,15:00,16:00,D3318,True
Jueves,20:00,21:00,D3318,True
Domingo,13:00,14:00,D3318,True
Lunes,17:00,18:00,D3318,True
Jueves,12:00,13:00,D3318,True
Martes,20:00,21:00,D3318,True
Viernes,14:00,15:00,D3318,True
Lunes,12:00,13:00,D3318,True
Viernes,13:00,14:00,D3318,True
Sabado,16:00,17:00,D3318,True
Miércoles,20:00,21:00,D3318,True
Viernes,12:00,13:00,D3318,True
Viernes,11:00,12:00,D3318,True
Miércoles,18:00,19:00,D3318,True
Domingo,09:00,10:00,D3318,True
Martes,19:00,20:00,D8011,True
Martes,20:00,21:00,D8011,True
Viernes,19:00,20:00,D8011,True
Sabado,18:00,19:00,D8011,True
Miércoles,15:00,16:00,D8011,True
Miércoles,18:00,19:00,D8011,True
Lunes,14:00,15:00,D8011,True
Jueves,13:00,14:00,D8011,True
Viernes,15:00,16:00,D8011,True
Domingo,12:00,13:00,D8011,True
Domingo,09:00,10:00,D8011,True
Lunes,09:00,10:00,D8011,True
Domingo,08:00,09:00,D8011,True
Sabado,16:00,17:00,D8011,True
Domingo,19:00,20:00,D8011,True
Sabado,19:00,20:00,D8011,True
Jueves,16:00,17:00,D8011,True
Domingo,10:00,11:00,D8011,True
Miércoles,12:00,13:00,D8011,True
Miércoles,17:00,18:00,D8011,True
Lunes,11:00,12:00,D1197,True
Jueves,13:00,14:00,D1197,True
Lunes,12:00,13:00,D1197,True
Domingo,10:00,11:00,D1197,True
Jueves,16:00,17:00,D1197,True
Sabado,08:00,09:00,D1197,True
Viernes,18:00,19:00,D1197,True
Martes,15:00,16:00,D1197,True
Jueves,11:00,12:00,D1197,True
Domingo,19:00,20:00,D1197,True
Jueves,18:00,19:00,D1197,True
Lunes,18:00,19:00,D1197,True
Sabado,19:00,20:00,D1197,True
Lunes,14:00,15:00,D1197,True
Martes,19:00,20:00,D1197,True
Domingo,16:00,17:00,D1197,True
Miércoles,09:00,10:00,D1197,True
Domingo,18:00,19:00,D1197,True
Martes,13:00,14:00,D1197,True
Lunes,15:00,16:00,D1197,True
Domingo,18:00,19:00,D7074,True
Viernes,08:00,09:00,D7074,True
Viernes,14:00,15:00,D7074,True
Jueves,08:00,09:00,D7074,True
Martes,12:00,13:00,D7074,True
Martes,19:00,20:00,D7074,True
Lunes,12:00,13:00,D7074,True
Sabado,18:00,19:00,D7074,True
Viernes,18:00,19:00,D7074,True
Jueves,16:00,17:00,D7074,True
Martes,11:00,12:00,D7074,True
Martes,16:00,17:00,D7074,True
Viernes,13:00,14:00,D7074,True
Martes,20:00,21:00,D7074,True
Lunes,15:00,16:00,D7074,True
Domingo,08:00,09:00,D7074,True
Domingo,15:00,16:00,D7074,True
Lunes,10:00,11:00,D7074,True
Jueves,15:00,16:00,D7074,True
Sabado,19:00,20:00,D7074,True
Sabado,18:00,19:00,D7850,True
Jueves,20:00,21:00,D7850,True
Jueves,11:00,12:00,D7850,True
Martes,14:00,15:00,D7850,True
Sabado,12:00,13:00,D7850,True
Viernes,12:00,13:00,D7850,True
Jueves,19:00,20:00,D7850,True
Martes,10:00,11:00,D7850,True
Viernes,13:00,14:00,D7850,True
Viernes,18:00,19:00,D7850,True
Martes,17:00,18:00,D7850,True
Jueves,15:00,16:00,D7850,True
Sabado,14:00,15:00,D7850,True
Martes,19:00,20:00,D7850,True
Martes,15:00,16:00,D7850,True
Sabado,19:00,20:00,D7850,True
Domingo,17:00,18:00,D7850,True
Martes,08:00,09:00,D7850,True
Viernes,17:00,18:00,D7850,True
Domingo,16:00,17:00,D7850,True
Domingo,16:00,17:00,D1093,True
Lunes,12:00,13:00,D1093,True
Lunes,20:00,21:00,D1093,True
Viernes,16:00,17:00,D1093,True
Sabado,13:00,14:00,D1093,True
Jueves,10:00,11:00,D1093,True
Miércoles,17:00,18:00,D1093,True
Miércoles,15:00,16:00,D1093,True
Jueves,20:00,21:00,D1093,True
Martes,08:00,09:00,D1093,True
Sabado,20:00,21:00,D1093,True
Martes,11:00,12:00,D1093,True
Lunes,14:00,15:00,D1093,True
Miércoles,11:00,12:00,D1093,True
Martes,10:00,11:00,D1093,True
Sabado,18:00,19:00,D1093,True
Martes,16:00,17:00,D1093,True
Sabado,15:00,16:00,D1093,True
Miércoles,09:00,10:00,D1093,True
Miércoles,13:00,14:00,D1093,True
Viernes,16:00,17:00,D6533,True
Martes,17:00,18:00,D6533,True
Domingo,11:00,12:00,D6533,True
Domingo,18:00,19:00,D6533,True
Jueves,08:00,09:00,D6533,True
Sabado,08:00,09:00,D6533,True
Martes,08:00,09:00,D6533,True
Domingo,12:00,13:00,D6533,True
Lunes,13:00,14:00,D6533,True
Viernes,20:00,21:00,D6533,True
Martes,15:00,16:00,D6533,True
Sabado,12:00,13:00,D6533,True
Miércoles,13:00,14:00,D6533,True
Jueves,09:00,10:00,D6533,True
Lunes,16:00,17:00,D6533,True
Jueves,13:00,14:00,D6533,True
Domingo,15:00,16:00,D6533,True
Domingo,19:00,20:00,D6533,True
Viernes,19:00,20:00,D6533,True
Martes,09:00,10:00,D6533,True
Viernes,12:00,13:00,D3193,True
Jueves,10:00,11:00,D3193,True
Domingo,10:00,11:00,D3193,True
Jueves,12:00,13:00,D3193,True
Lunes,08:00,09:00,D3193,True
Martes,16:00,17:00,D3193,True
Miércoles,14:00,15:00,D3193,True
Sabado,20:00,21:00,D3193,True
Martes,17:00,18:00,D3193,True
Lunes,18:00,19:00,D3193,True
Viernes,10:00,11:00,D3193,True
Sabado,13:00,14:00,D3193,True
Lunes,19:00,20:00,D3193,True
Jueves,11:00,12:00,D3193,True
Martes,18:00,19:00,D3193,True
Domingo,19:00,20:00,D3193,True
Sabado,18:00,19:00,D3193,True
Miércoles,19:00,20:00,D3193,True
Viernes,15:00,16:00,D3193,True
Martes,12:00,13:00,D3193,True
Martes,11:00,12:00,D4768,True
Lunes,18:00,19:00,D4768,True
Miércoles,20:00,21:00,D4768,True
Sabado,20:00,21:00,D4768,True
Martes,13:00,14:00,D4768,True
Viernes,18:00,19:00,D4768,True
Martes,09:00,10:00,D4768,True
Domingo,15:00,16:00,D4768,True
Martes,19:00,20:00,D4768,True
Miércoles,15:00,16:00,D4768,True
Jueves,19:00,20:00,D4768,True
Jueves,20:00,21:00,D4768,True
Jueves,17:00,18:00,D4768,True
Domingo,14:00,15:00,D4768,True
Martes,12:00,13:00,D4768,True
Lunes,19:00,20:00,D4768,True
Miércoles,17:00,18:00,D4768,True
Miércoles,14:00,15:00,D4768,True
Jueves,10:00,11:00,D4768,True
Jueves,16:00,17:00,D4768,True
Sabado,12:00,13:00,D7387,True
Domingo,18:00,19:00,D7387,True
Sabado,08:00,09:00,D7387,True
Miércoles,19:00,20:00,D7387,True
Domingo,10:00,11:00,D7387,True
Martes,14:00,15:00,D7387,True
Miércoles,20:00,21:00,D7387,True
Domingo,13:00,14:00,D7387,True
Lunes,13:00,14:00,D7387,True
Miércoles,17:00,18:00,D7387,True
Sabado,09:00,10:00,D7387,True
Viernes,16:00,17:00,D7387,True
Viernes,18:00,19:00,D7387,True
Lunes,10:00,11:00,D7387,True
Sabado,15:00,16:00,D7387,True
Sabado,13:00,14:00,D7387,True
Jueves,12:00,13:00,D7387,True
Viernes,15:00,16:00,D7387,True
Miércoles,11:00,12:00,D7387,True
Lunes,08:00,09:00,D7387,True
Domingo,19:00,20:00,D3761,True
Jueves,10:00,11:00,D3761,True
Jueves,20:00,21:00,D3761,True
Martes,19:00,20:00,D3761,True
Miércoles,08:00,09:00,D3761,True
Viernes,20:00,21:00,D3761,True
Martes,16:00,17:00,D3761,True
Jueves,19:00,20:00,D3761,True
Domingo,10:00,11:00,D3761,True
Martes,10:00,11:00,D3761,True
Lunes,19:00,20:00,D3761,True
Sabado,19:00,20:00,D3761,True
Miércoles,15:00,16:00,D3761,True
Miércoles,16:00,17:00,D3761,True
Viernes,16:00,17:00,D3761,True
Miércoles,20:00,21:00,D3761,True
Martes,11:00,12:00,D3761,True
Martes,15:00,16:00,D3761,True
Domingo,18:00,19:00,D3761,True
Lunes,11:00,12:00,D3761,True
Sabado,10:00,11:00,D6287,True
Sabado,19:00,20:00,D6287,True
Lunes,09:00,10:00,D6287,True
Martes,14:00,15:00,D6287,True
Sabado,13:00,14:00,D6287,True
Lunes,08:00,09:00,D6287,True
Miércoles,10:00,11:00,D6287,True
Viernes,13:00,14:00,D6287,True
Domingo,12:00,13:00,D6287,True
Miércoles,20:00,21:00,D6287,True
Lunes,12:00,13:00,D6287,True
Lunes,13:00,14:00,D6287,True
Sabado,14:00,15:00,D6287,True
Viernes,09:00,10:00,D6287,True
Lunes,11:00,12:00,D6287,True
Sabado,17:00,18:00,D6287,True
Martes,13:00,14:00,D6287,True
Miércoles,08:00,09:00,D6287,True
Viernes,18:00,19:00,D6287,True
Lunes,15:00,16:00,D6287,True
Sabado,13:00,14:00,D8563,True
Jueves,14:00,15:00,D8563,True
Viernes,09:00,10:00,D8563,True
Domingo,12:00,13:00,D8563,True
Jueves,11:00,12:00,D8563,True
Domingo,08:00,09:00,D8563,True
Viernes,17:00,18:00,D8563,True
Martes,09:00,10:00,D8563,True
Martes,11:00,12:00,D8563,True
Miércoles,20:00,21:00,D8563,True
Martes,08:00,09:00,D8563,True
Viernes,12:00,13:00,D8563,True
Sabado,09:00,10:00,D8563,True
Sabado,15:00,16:00,D8563,True
Martes,18:00,19:00,D8563,True
Viernes,19:00,20:00,D8563,True
Miércoles,13:00,14:00,D8563,True
Sabado,17:00,18:00,D8563,True
Jueves,12:00,13:00,D8563,True
Sabado,12:00,13:00,D8563,True
Miércoles,20:00,21:00,D3615,True
Martes,17:00,18:00,D3615,True
Domingo,18:00,19:00,D3615,True
Sabado,19:00,20:00,D3615,True
Viernes,20:00,21:00,D3615,True
Viernes,11:00,12:00,D3615,True
Domingo,17:00,18:00,D3615,True
Jueves,13:00,14:00,D3615,True
Lunes,19:00,20:00,D3615,True
Miércoles,12:00,13:00,D3615,True
Martes,15:00,16:00,D3615,True
Jueves,11:00,12:00,D3615,True
Martes,19:00,20:00,D3615,True
Lunes,17:00,18:00,D3615,True
Lunes,08:00,09:00,D3615,True
Sabado,17:00,18:00,D3615,True
Viernes,13:00,14:00,D3615,True
Miércoles,08:00,09:00,D3615,True
Miércoles,09:00,10:00,D3615,True
Sabado,16:00,17:00,D3615,True
Lunes,20:00,21:00,D2553,True
Martes,17:00,18:00,D2553,True
Miércoles,19:00,20:00,D2553,True
Domingo,13:00,14:00,D2553,True
Viernes,19:00,20:00,D2553,True
Viernes,12:00,13:00,D2553,True
Jueves,16:00,17:00,D2553,True
Martes,19:00,20:00,D2553,True
Domingo,11:00,12:00,D2553,True
Lunes,15:00,16:00,D2553,True
Martes,09:00,10:00,D2553,True
Lunes,18:00,19:00,D2553,True
Domingo,14:00,15:00,D2553,True
Sabado,16:00,17:00,D2553,True
Viernes,20:00,21:00,D2553,True
Miércoles,09:00,10:00,D2553,True
Domingo,19:00,20:00,D2553,True
Domingo,18:00,19:00,D2553,True
Viernes,15:00,16:00,D2553,True
Viernes,09:00,10:00,D2553,True
Jueves,20:00,21:00,D3713,True
Sabado,20:00,21:00,D3713,True
Lunes,19:00,20:00,D3713,True
Jueves,12:00,13:00,D3713,True
Martes,14:00,15:00,D3713,True
Jueves,17:00,18:00,D3713,True
Lunes,16:00,17:00,D3713,True
Domingo,18:00,19:00,D3713,True
Miércoles,11:00,12:00,D3713,True
Martes,18:00,19:00,D3713,True
Miércoles,08:00,09:00,D3713,True
Martes,16:00,17:00,D3713,True
Miércoles,14:00,15:00,D3713,True
Jueves,10:00,11:00,D3713,True
Lunes,15:00,16:00,D3713,True
Domingo,09:00,10:00,D3713,True
Jueves,09:00,10:00,D3713,True
Domingo,11:00,12:00,D3713,True
Miércoles,09:00,10:00,D3713,True
Lunes,18:00,19:00,D3713,True
